solid OpenSCAD_Model
  facet normal -1 0 0
    outer loop
      vertex 0 0 0
      vertex 0 1200 200
      vertex 0 1200 0
    endloop
  endfacet
  facet normal -1 -0 0
    outer loop
      vertex 0 1200 200
      vertex 0 0 0
      vertex 0 0 200
    endloop
  endfacet
  facet normal -0 0 1
    outer loop
      vertex 53.3807 200.906 200
      vertex 100 100 200
      vertex 53.3807 599.094 200
    endloop
  endfacet
  facet normal 0 0 1
    outer loop
      vertex 100 100 200
      vertex 53.3807 200.906 200
      vertex 53.5 200 200
    endloop
  endfacet
  facet normal -0 0 1
    outer loop
      vertex 53.0311 598.25 200
      vertex 53.3807 200.906 200
      vertex 53.3807 599.094 200
    endloop
  endfacet
  facet normal 0 0 1
    outer loop
      vertex 53.0311 598.25 200
      vertex 53.0311 201.75 200
      vertex 53.3807 200.906 200
    endloop
  endfacet
  facet normal -0 0 1
    outer loop
      vertex 52.4749 597.525 200
      vertex 53.0311 201.75 200
      vertex 53.0311 598.25 200
    endloop
  endfacet
  facet normal 0 0 1
    outer loop
      vertex 52.4749 597.525 200
      vertex 52.4749 202.475 200
      vertex 53.0311 201.75 200
    endloop
  endfacet
  facet normal -0 0 1
    outer loop
      vertex 51.75 596.969 200
      vertex 52.4749 202.475 200
      vertex 52.4749 597.525 200
    endloop
  endfacet
  facet normal 0 0 1
    outer loop
      vertex 51.75 596.969 200
      vertex 51.75 203.031 200
      vertex 52.4749 202.475 200
    endloop
  endfacet
  facet normal -0 0 1
    outer loop
      vertex 50.9059 596.619 200
      vertex 51.75 203.031 200
      vertex 51.75 596.969 200
    endloop
  endfacet
  facet normal 0 0 1
    outer loop
      vertex 50.9059 596.619 200
      vertex 50.9059 203.381 200
      vertex 51.75 203.031 200
    endloop
  endfacet
  facet normal -0 0 1
    outer loop
      vertex 50 596.5 200
      vertex 50.9059 203.381 200
      vertex 50.9059 596.619 200
    endloop
  endfacet
  facet normal 0 0 1
    outer loop
      vertex 50 596.5 200
      vertex 50 203.5 200
      vertex 50.9059 203.381 200
    endloop
  endfacet
  facet normal 0 0 1
    outer loop
      vertex 49.0941 596.619 200
      vertex 50 203.5 200
      vertex 50 596.5 200
    endloop
  endfacet
  facet normal 0 0 1
    outer loop
      vertex 49.0941 596.619 200
      vertex 49.0941 203.381 200
      vertex 50 203.5 200
    endloop
  endfacet
  facet normal 0 0 1
    outer loop
      vertex 48.25 596.969 200
      vertex 49.0941 203.381 200
      vertex 49.0941 596.619 200
    endloop
  endfacet
  facet normal 0 0 1
    outer loop
      vertex 48.25 596.969 200
      vertex 48.25 203.031 200
      vertex 49.0941 203.381 200
    endloop
  endfacet
  facet normal 0 0 1
    outer loop
      vertex 47.5251 597.525 200
      vertex 48.25 203.031 200
      vertex 48.25 596.969 200
    endloop
  endfacet
  facet normal 0 0 1
    outer loop
      vertex 47.5251 597.525 200
      vertex 47.5251 202.475 200
      vertex 48.25 203.031 200
    endloop
  endfacet
  facet normal 0 0 1
    outer loop
      vertex 46.9689 598.25 200
      vertex 47.5251 202.475 200
      vertex 47.5251 597.525 200
    endloop
  endfacet
  facet normal 0 0 1
    outer loop
      vertex 46.9689 598.25 200
      vertex 46.9689 201.75 200
      vertex 47.5251 202.475 200
    endloop
  endfacet
  facet normal 0 0 1
    outer loop
      vertex 46.6193 599.094 200
      vertex 46.9689 201.75 200
      vertex 46.9689 598.25 200
    endloop
  endfacet
  facet normal 0 0 1
    outer loop
      vertex 46.6193 599.094 200
      vertex 46.6193 200.906 200
      vertex 46.9689 201.75 200
    endloop
  endfacet
  facet normal 0 0 1
    outer loop
      vertex 0 0 200
      vertex 46.6193 599.094 200
      vertex 46.5 600 200
    endloop
  endfacet
  facet normal 0 0 1
    outer loop
      vertex 46.6193 599.094 200
      vertex 0 0 200
      vertex 46.6193 200.906 200
    endloop
  endfacet
  facet normal 0 0 1
    outer loop
      vertex 53.3807 600.906 200
      vertex 100 1100 200
      vertex 53.3807 999.094 200
    endloop
  endfacet
  facet normal 0 0 1
    outer loop
      vertex 100 1100 200
      vertex 53.3807 600.906 200
      vertex 53.5 600 200
    endloop
  endfacet
  facet normal -0 0 1
    outer loop
      vertex 53.0311 998.25 200
      vertex 53.3807 600.906 200
      vertex 53.3807 999.094 200
    endloop
  endfacet
  facet normal 0 0 1
    outer loop
      vertex 53.0311 998.25 200
      vertex 53.0311 601.75 200
      vertex 53.3807 600.906 200
    endloop
  endfacet
  facet normal -0 0 1
    outer loop
      vertex 52.4749 997.525 200
      vertex 53.0311 601.75 200
      vertex 53.0311 998.25 200
    endloop
  endfacet
  facet normal 0 0 1
    outer loop
      vertex 52.4749 997.525 200
      vertex 52.4749 602.475 200
      vertex 53.0311 601.75 200
    endloop
  endfacet
  facet normal -0 0 1
    outer loop
      vertex 51.75 996.969 200
      vertex 52.4749 602.475 200
      vertex 52.4749 997.525 200
    endloop
  endfacet
  facet normal 0 0 1
    outer loop
      vertex 51.75 996.969 200
      vertex 51.75 603.031 200
      vertex 52.4749 602.475 200
    endloop
  endfacet
  facet normal -0 0 1
    outer loop
      vertex 50.9059 996.619 200
      vertex 51.75 603.031 200
      vertex 51.75 996.969 200
    endloop
  endfacet
  facet normal 0 0 1
    outer loop
      vertex 50.9059 996.619 200
      vertex 50.9059 603.381 200
      vertex 51.75 603.031 200
    endloop
  endfacet
  facet normal -0 0 1
    outer loop
      vertex 50 996.5 200
      vertex 50.9059 603.381 200
      vertex 50.9059 996.619 200
    endloop
  endfacet
  facet normal 0 0 1
    outer loop
      vertex 50 996.5 200
      vertex 50 603.5 200
      vertex 50.9059 603.381 200
    endloop
  endfacet
  facet normal 0 0 1
    outer loop
      vertex 49.0941 996.619 200
      vertex 50 603.5 200
      vertex 50 996.5 200
    endloop
  endfacet
  facet normal 0 0 1
    outer loop
      vertex 49.0941 996.619 200
      vertex 49.0941 603.381 200
      vertex 50 603.5 200
    endloop
  endfacet
  facet normal 0 0 1
    outer loop
      vertex 48.25 996.969 200
      vertex 49.0941 603.381 200
      vertex 49.0941 996.619 200
    endloop
  endfacet
  facet normal 0 0 1
    outer loop
      vertex 48.25 996.969 200
      vertex 48.25 603.031 200
      vertex 49.0941 603.381 200
    endloop
  endfacet
  facet normal 0 0 1
    outer loop
      vertex 47.5251 997.525 200
      vertex 48.25 603.031 200
      vertex 48.25 996.969 200
    endloop
  endfacet
  facet normal 0 0 1
    outer loop
      vertex 47.5251 997.525 200
      vertex 47.5251 602.475 200
      vertex 48.25 603.031 200
    endloop
  endfacet
  facet normal 0 0 1
    outer loop
      vertex 46.9689 998.25 200
      vertex 47.5251 602.475 200
      vertex 47.5251 997.525 200
    endloop
  endfacet
  facet normal 0 0 1
    outer loop
      vertex 46.9689 998.25 200
      vertex 46.9689 601.75 200
      vertex 47.5251 602.475 200
    endloop
  endfacet
  facet normal 0 0 1
    outer loop
      vertex 46.6193 999.094 200
      vertex 46.9689 601.75 200
      vertex 46.9689 998.25 200
    endloop
  endfacet
  facet normal 0 0 1
    outer loop
      vertex 46.6193 999.094 200
      vertex 46.6193 600.906 200
      vertex 46.9689 601.75 200
    endloop
  endfacet
  facet normal 0 0 1
    outer loop
      vertex 0 1200 200
      vertex 46.6193 999.094 200
      vertex 46.5 1000 200
    endloop
  endfacet
  facet normal 0 0 1
    outer loop
      vertex 46.6193 999.094 200
      vertex 0 1200 200
      vertex 46.6193 600.906 200
    endloop
  endfacet
  facet normal 0 0 1
    outer loop
      vertex 2300 100 200
      vertex 2103.38 50.9059 200
      vertex 2103.5 50 200
    endloop
  endfacet
  facet normal 0 0 1
    outer loop
      vertex 2300 100 200
      vertex 2103.03 51.75 200
      vertex 2103.38 50.9059 200
    endloop
  endfacet
  facet normal 0 0 1
    outer loop
      vertex 2300 100 200
      vertex 2102.47 52.4749 200
      vertex 2103.03 51.75 200
    endloop
  endfacet
  facet normal 0 0 1
    outer loop
      vertex 2300 100 200
      vertex 2101.75 53.0311 200
      vertex 2102.47 52.4749 200
    endloop
  endfacet
  facet normal 0 0 1
    outer loop
      vertex 2300 100 200
      vertex 2100.91 53.3807 200
      vertex 2101.75 53.0311 200
    endloop
  endfacet
  facet normal 0 0 1
    outer loop
      vertex 2300 100 200
      vertex 2100 53.5 200
      vertex 2100.91 53.3807 200
    endloop
  endfacet
  facet normal 0 0 1
    outer loop
      vertex 2300 100 200
      vertex 2099.09 53.3807 200
      vertex 2100 53.5 200
    endloop
  endfacet
  facet normal 0 0 1
    outer loop
      vertex 2096.62 50.9059 200
      vertex 1503.5 50 200
      vertex 2096.5 50 200
    endloop
  endfacet
  facet normal 0 0 1
    outer loop
      vertex 1503.38 50.9059 200
      vertex 2096.62 50.9059 200
      vertex 2096.97 51.75 200
    endloop
  endfacet
  facet normal 0 0 1
    outer loop
      vertex 1503.03 51.75 200
      vertex 2096.97 51.75 200
      vertex 2097.53 52.4749 200
    endloop
  endfacet
  facet normal 0 0 1
    outer loop
      vertex 1502.47 52.4749 200
      vertex 2097.53 52.4749 200
      vertex 2098.25 53.0311 200
    endloop
  endfacet
  facet normal 0 0 1
    outer loop
      vertex 1501.75 53.0311 200
      vertex 2098.25 53.0311 200
      vertex 2099.09 53.3807 200
    endloop
  endfacet
  facet normal 0 0 1
    outer loop
      vertex 1500.91 53.3807 200
      vertex 2099.09 53.3807 200
      vertex 2300 100 200
    endloop
  endfacet
  facet normal 0 0 1
    outer loop
      vertex 2096.62 50.9059 200
      vertex 1503.38 50.9059 200
      vertex 1503.5 50 200
    endloop
  endfacet
  facet normal 0 0 1
    outer loop
      vertex 2096.97 51.75 200
      vertex 1503.03 51.75 200
      vertex 1503.38 50.9059 200
    endloop
  endfacet
  facet normal 0 0 1
    outer loop
      vertex 2097.53 52.4749 200
      vertex 1502.47 52.4749 200
      vertex 1503.03 51.75 200
    endloop
  endfacet
  facet normal 0 0 1
    outer loop
      vertex 2098.25 53.0311 200
      vertex 1501.75 53.0311 200
      vertex 1502.47 52.4749 200
    endloop
  endfacet
  facet normal 0 0 1
    outer loop
      vertex 2099.09 53.3807 200
      vertex 1500.91 53.3807 200
      vertex 1501.75 53.0311 200
    endloop
  endfacet
  facet normal 0 0 1
    outer loop
      vertex 2300 100 200
      vertex 1500 53.5 200
      vertex 1500.91 53.3807 200
    endloop
  endfacet
  facet normal 0 0 1
    outer loop
      vertex 1496.62 50.9059 200
      vertex 903.5 50 200
      vertex 1496.5 50 200
    endloop
  endfacet
  facet normal 0 0 1
    outer loop
      vertex 903.381 50.9059 200
      vertex 1496.62 50.9059 200
      vertex 1496.97 51.75 200
    endloop
  endfacet
  facet normal 0 0 1
    outer loop
      vertex 903.031 51.75 200
      vertex 1496.97 51.75 200
      vertex 1497.53 52.4749 200
    endloop
  endfacet
  facet normal 0 0 1
    outer loop
      vertex 902.475 52.4749 200
      vertex 1497.53 52.4749 200
      vertex 1498.25 53.0311 200
    endloop
  endfacet
  facet normal 0 0 1
    outer loop
      vertex 901.75 53.0311 200
      vertex 1498.25 53.0311 200
      vertex 1499.09 53.3807 200
    endloop
  endfacet
  facet normal 0 0 1
    outer loop
      vertex 900.906 53.3807 200
      vertex 1499.09 53.3807 200
      vertex 1500 53.5 200
    endloop
  endfacet
  facet normal 0 0 1
    outer loop
      vertex 900 53.5 200
      vertex 1500 53.5 200
      vertex 2300 100 200
    endloop
  endfacet
  facet normal 0 0 1
    outer loop
      vertex 1496.62 50.9059 200
      vertex 903.381 50.9059 200
      vertex 903.5 50 200
    endloop
  endfacet
  facet normal 0 0 1
    outer loop
      vertex 1496.97 51.75 200
      vertex 903.031 51.75 200
      vertex 903.381 50.9059 200
    endloop
  endfacet
  facet normal 0 0 1
    outer loop
      vertex 1497.53 52.4749 200
      vertex 902.475 52.4749 200
      vertex 903.031 51.75 200
    endloop
  endfacet
  facet normal 0 0 1
    outer loop
      vertex 1498.25 53.0311 200
      vertex 901.75 53.0311 200
      vertex 902.475 52.4749 200
    endloop
  endfacet
  facet normal 0 0 1
    outer loop
      vertex 1499.09 53.3807 200
      vertex 900.906 53.3807 200
      vertex 901.75 53.0311 200
    endloop
  endfacet
  facet normal 0 0 1
    outer loop
      vertex 1500 53.5 200
      vertex 900 53.5 200
      vertex 900.906 53.3807 200
    endloop
  endfacet
  facet normal 0 0 1
    outer loop
      vertex 896.619 50.9059 200
      vertex 303.5 50 200
      vertex 896.5 50 200
    endloop
  endfacet
  facet normal 0 0 1
    outer loop
      vertex 303.381 50.9059 200
      vertex 896.619 50.9059 200
      vertex 896.969 51.75 200
    endloop
  endfacet
  facet normal 0 0 1
    outer loop
      vertex 303.031 51.75 200
      vertex 896.969 51.75 200
      vertex 897.525 52.4749 200
    endloop
  endfacet
  facet normal 0 0 1
    outer loop
      vertex 302.475 52.4749 200
      vertex 897.525 52.4749 200
      vertex 898.25 53.0311 200
    endloop
  endfacet
  facet normal 0 0 1
    outer loop
      vertex 301.75 53.0311 200
      vertex 898.25 53.0311 200
      vertex 899.094 53.3807 200
    endloop
  endfacet
  facet normal 0 0 1
    outer loop
      vertex 100 100 200
      vertex 899.094 53.3807 200
      vertex 900 53.5 200
    endloop
  endfacet
  facet normal -0 0 1
    outer loop
      vertex 100 100 200
      vertex 900 53.5 200
      vertex 2300 100 200
    endloop
  endfacet
  facet normal 0 0 1
    outer loop
      vertex 896.619 50.9059 200
      vertex 303.381 50.9059 200
      vertex 303.5 50 200
    endloop
  endfacet
  facet normal 0 0 1
    outer loop
      vertex 896.969 51.75 200
      vertex 303.031 51.75 200
      vertex 303.381 50.9059 200
    endloop
  endfacet
  facet normal 0 0 1
    outer loop
      vertex 897.525 52.4749 200
      vertex 302.475 52.4749 200
      vertex 303.031 51.75 200
    endloop
  endfacet
  facet normal 0 0 1
    outer loop
      vertex 898.25 53.0311 200
      vertex 301.75 53.0311 200
      vertex 302.475 52.4749 200
    endloop
  endfacet
  facet normal 0 0 1
    outer loop
      vertex 899.094 53.3807 200
      vertex 300.906 53.3807 200
      vertex 301.75 53.0311 200
    endloop
  endfacet
  facet normal 0 0 1
    outer loop
      vertex 899.094 53.3807 200
      vertex 100 100 200
      vertex 300.906 53.3807 200
    endloop
  endfacet
  facet normal 0 0 1
    outer loop
      vertex 296.619 50.9059 200
      vertex 100 100 200
      vertex 296.5 50 200
    endloop
  endfacet
  facet normal 0 0 1
    outer loop
      vertex 296.969 51.75 200
      vertex 100 100 200
      vertex 296.619 50.9059 200
    endloop
  endfacet
  facet normal 0 0 1
    outer loop
      vertex 297.525 52.4749 200
      vertex 100 100 200
      vertex 296.969 51.75 200
    endloop
  endfacet
  facet normal 0 0 1
    outer loop
      vertex 298.25 53.0311 200
      vertex 100 100 200
      vertex 297.525 52.4749 200
    endloop
  endfacet
  facet normal 0 0 1
    outer loop
      vertex 299.094 53.3807 200
      vertex 100 100 200
      vertex 298.25 53.0311 200
    endloop
  endfacet
  facet normal 0 0 1
    outer loop
      vertex 300 53.5 200
      vertex 100 100 200
      vertex 299.094 53.3807 200
    endloop
  endfacet
  facet normal 0 0 1
    outer loop
      vertex 300.906 53.3807 200
      vertex 100 100 200
      vertex 300 53.5 200
    endloop
  endfacet
  facet normal -0 0 1
    outer loop
      vertex 2353.38 200.906 200
      vertex 2400 0 200
      vertex 2353.38 599.094 200
    endloop
  endfacet
  facet normal 0 0 1
    outer loop
      vertex 2400 0 200
      vertex 2353.38 200.906 200
      vertex 2353.5 200 200
    endloop
  endfacet
  facet normal -0 0 1
    outer loop
      vertex 2353.03 598.25 200
      vertex 2353.38 200.906 200
      vertex 2353.38 599.094 200
    endloop
  endfacet
  facet normal 0 0 1
    outer loop
      vertex 2353.03 598.25 200
      vertex 2353.03 201.75 200
      vertex 2353.38 200.906 200
    endloop
  endfacet
  facet normal -0 0 1
    outer loop
      vertex 2352.47 597.525 200
      vertex 2353.03 201.75 200
      vertex 2353.03 598.25 200
    endloop
  endfacet
  facet normal 0 0 1
    outer loop
      vertex 2352.47 597.525 200
      vertex 2352.47 202.475 200
      vertex 2353.03 201.75 200
    endloop
  endfacet
  facet normal -0 0 1
    outer loop
      vertex 2351.75 596.969 200
      vertex 2352.47 202.475 200
      vertex 2352.47 597.525 200
    endloop
  endfacet
  facet normal 0 0 1
    outer loop
      vertex 2351.75 596.969 200
      vertex 2351.75 203.031 200
      vertex 2352.47 202.475 200
    endloop
  endfacet
  facet normal -0 0 1
    outer loop
      vertex 2350.91 596.619 200
      vertex 2351.75 203.031 200
      vertex 2351.75 596.969 200
    endloop
  endfacet
  facet normal 0 0 1
    outer loop
      vertex 2350.91 596.619 200
      vertex 2350.91 203.381 200
      vertex 2351.75 203.031 200
    endloop
  endfacet
  facet normal -0 0 1
    outer loop
      vertex 2350 596.5 200
      vertex 2350.91 203.381 200
      vertex 2350.91 596.619 200
    endloop
  endfacet
  facet normal 0 0 1
    outer loop
      vertex 2350 596.5 200
      vertex 2350 203.5 200
      vertex 2350.91 203.381 200
    endloop
  endfacet
  facet normal 0 0 1
    outer loop
      vertex 2349.09 596.619 200
      vertex 2350 203.5 200
      vertex 2350 596.5 200
    endloop
  endfacet
  facet normal 0 0 1
    outer loop
      vertex 2349.09 596.619 200
      vertex 2349.09 203.381 200
      vertex 2350 203.5 200
    endloop
  endfacet
  facet normal 0 0 1
    outer loop
      vertex 2348.25 596.969 200
      vertex 2349.09 203.381 200
      vertex 2349.09 596.619 200
    endloop
  endfacet
  facet normal 0 0 1
    outer loop
      vertex 2348.25 596.969 200
      vertex 2348.25 203.031 200
      vertex 2349.09 203.381 200
    endloop
  endfacet
  facet normal 0 0 1
    outer loop
      vertex 2347.53 597.525 200
      vertex 2348.25 203.031 200
      vertex 2348.25 596.969 200
    endloop
  endfacet
  facet normal 0 0 1
    outer loop
      vertex 2347.53 597.525 200
      vertex 2347.53 202.475 200
      vertex 2348.25 203.031 200
    endloop
  endfacet
  facet normal 0 0 1
    outer loop
      vertex 2346.97 598.25 200
      vertex 2347.53 202.475 200
      vertex 2347.53 597.525 200
    endloop
  endfacet
  facet normal 0 0 1
    outer loop
      vertex 2346.97 598.25 200
      vertex 2346.97 201.75 200
      vertex 2347.53 202.475 200
    endloop
  endfacet
  facet normal 0 0 1
    outer loop
      vertex 2346.62 599.094 200
      vertex 2346.97 201.75 200
      vertex 2346.97 598.25 200
    endloop
  endfacet
  facet normal 0 0 1
    outer loop
      vertex 2346.62 599.094 200
      vertex 2346.62 200.906 200
      vertex 2346.97 201.75 200
    endloop
  endfacet
  facet normal 0 0 1
    outer loop
      vertex 2300 100 200
      vertex 2346.62 599.094 200
      vertex 2346.5 600 200
    endloop
  endfacet
  facet normal 0 0 1
    outer loop
      vertex 2346.62 599.094 200
      vertex 2300 100 200
      vertex 2346.62 200.906 200
    endloop
  endfacet
  facet normal 0 0 1
    outer loop
      vertex 2353.38 600.906 200
      vertex 2400 1200 200
      vertex 2353.38 999.094 200
    endloop
  endfacet
  facet normal 0 0 1
    outer loop
      vertex 2400 1200 200
      vertex 2353.38 600.906 200
      vertex 2353.5 600 200
    endloop
  endfacet
  facet normal -0 0 1
    outer loop
      vertex 2353.03 998.25 200
      vertex 2353.38 600.906 200
      vertex 2353.38 999.094 200
    endloop
  endfacet
  facet normal 0 0 1
    outer loop
      vertex 2353.03 998.25 200
      vertex 2353.03 601.75 200
      vertex 2353.38 600.906 200
    endloop
  endfacet
  facet normal -0 0 1
    outer loop
      vertex 2352.47 997.525 200
      vertex 2353.03 601.75 200
      vertex 2353.03 998.25 200
    endloop
  endfacet
  facet normal 0 0 1
    outer loop
      vertex 2352.47 997.525 200
      vertex 2352.47 602.475 200
      vertex 2353.03 601.75 200
    endloop
  endfacet
  facet normal -0 0 1
    outer loop
      vertex 2351.75 996.969 200
      vertex 2352.47 602.475 200
      vertex 2352.47 997.525 200
    endloop
  endfacet
  facet normal 0 0 1
    outer loop
      vertex 2351.75 996.969 200
      vertex 2351.75 603.031 200
      vertex 2352.47 602.475 200
    endloop
  endfacet
  facet normal -0 0 1
    outer loop
      vertex 2350.91 996.619 200
      vertex 2351.75 603.031 200
      vertex 2351.75 996.969 200
    endloop
  endfacet
  facet normal 0 0 1
    outer loop
      vertex 2350.91 996.619 200
      vertex 2350.91 603.381 200
      vertex 2351.75 603.031 200
    endloop
  endfacet
  facet normal -0 0 1
    outer loop
      vertex 2350 996.5 200
      vertex 2350.91 603.381 200
      vertex 2350.91 996.619 200
    endloop
  endfacet
  facet normal 0 0 1
    outer loop
      vertex 2350 996.5 200
      vertex 2350 603.5 200
      vertex 2350.91 603.381 200
    endloop
  endfacet
  facet normal 0 0 1
    outer loop
      vertex 2349.09 996.619 200
      vertex 2350 603.5 200
      vertex 2350 996.5 200
    endloop
  endfacet
  facet normal 0 0 1
    outer loop
      vertex 2349.09 996.619 200
      vertex 2349.09 603.381 200
      vertex 2350 603.5 200
    endloop
  endfacet
  facet normal 0 0 1
    outer loop
      vertex 2348.25 996.969 200
      vertex 2349.09 603.381 200
      vertex 2349.09 996.619 200
    endloop
  endfacet
  facet normal 0 0 1
    outer loop
      vertex 2348.25 996.969 200
      vertex 2348.25 603.031 200
      vertex 2349.09 603.381 200
    endloop
  endfacet
  facet normal 0 0 1
    outer loop
      vertex 2347.53 997.525 200
      vertex 2348.25 603.031 200
      vertex 2348.25 996.969 200
    endloop
  endfacet
  facet normal 0 0 1
    outer loop
      vertex 2347.53 997.525 200
      vertex 2347.53 602.475 200
      vertex 2348.25 603.031 200
    endloop
  endfacet
  facet normal 0 0 1
    outer loop
      vertex 2346.97 998.25 200
      vertex 2347.53 602.475 200
      vertex 2347.53 997.525 200
    endloop
  endfacet
  facet normal 0 0 1
    outer loop
      vertex 2346.97 998.25 200
      vertex 2346.97 601.75 200
      vertex 2347.53 602.475 200
    endloop
  endfacet
  facet normal 0 0 1
    outer loop
      vertex 2346.62 999.094 200
      vertex 2346.97 601.75 200
      vertex 2346.97 998.25 200
    endloop
  endfacet
  facet normal 0 0 1
    outer loop
      vertex 2346.62 999.094 200
      vertex 2346.62 600.906 200
      vertex 2346.97 601.75 200
    endloop
  endfacet
  facet normal 0 0 1
    outer loop
      vertex 2300 1100 200
      vertex 2346.62 999.094 200
      vertex 2346.5 1000 200
    endloop
  endfacet
  facet normal 0 0 1
    outer loop
      vertex 2346.62 999.094 200
      vertex 2300 1100 200
      vertex 2346.62 600.906 200
    endloop
  endfacet
  facet normal 0 0 1
    outer loop
      vertex 2353.38 999.094 200
      vertex 2400 1200 200
      vertex 2353.5 1000 200
    endloop
  endfacet
  facet normal 0 0 1
    outer loop
      vertex 2400 1200 200
      vertex 2353.38 1000.91 200
      vertex 2353.5 1000 200
    endloop
  endfacet
  facet normal 0 0 1
    outer loop
      vertex 2400 1200 200
      vertex 2353.03 1001.75 200
      vertex 2353.38 1000.91 200
    endloop
  endfacet
  facet normal 0 0 1
    outer loop
      vertex 2400 1200 200
      vertex 2352.47 1002.47 200
      vertex 2353.03 1001.75 200
    endloop
  endfacet
  facet normal 0 0 1
    outer loop
      vertex 2400 1200 200
      vertex 2351.75 1003.03 200
      vertex 2352.47 1002.47 200
    endloop
  endfacet
  facet normal -0 0 1
    outer loop
      vertex 2300 1100 200
      vertex 2351.75 1003.03 200
      vertex 2400 1200 200
    endloop
  endfacet
  facet normal 0 0 1
    outer loop
      vertex 2351.75 1003.03 200
      vertex 2300 1100 200
      vertex 2350.91 1003.38 200
    endloop
  endfacet
  facet normal 0 0 1
    outer loop
      vertex 2350.91 1003.38 200
      vertex 2300 1100 200
      vertex 2350 1003.5 200
    endloop
  endfacet
  facet normal 0 0 1
    outer loop
      vertex 2350 1003.5 200
      vertex 2300 1100 200
      vertex 2349.09 1003.38 200
    endloop
  endfacet
  facet normal 0 0 1
    outer loop
      vertex 2349.09 1003.38 200
      vertex 2300 1100 200
      vertex 2348.25 1003.03 200
    endloop
  endfacet
  facet normal 0 0 1
    outer loop
      vertex 2348.25 1003.03 200
      vertex 2300 1100 200
      vertex 2347.53 1002.47 200
    endloop
  endfacet
  facet normal 0 0 1
    outer loop
      vertex 2347.53 1002.47 200
      vertex 2300 1100 200
      vertex 2346.97 1001.75 200
    endloop
  endfacet
  facet normal 0 0 1
    outer loop
      vertex 2346.62 600.906 200
      vertex 2300 1100 200
      vertex 2346.5 600 200
    endloop
  endfacet
  facet normal 0 0 1
    outer loop
      vertex 2300 100 200
      vertex 2346.5 600 200
      vertex 2300 1100 200
    endloop
  endfacet
  facet normal 0 0 1
    outer loop
      vertex 2346.62 1000.91 200
      vertex 2300 1100 200
      vertex 2346.5 1000 200
    endloop
  endfacet
  facet normal 0 0 1
    outer loop
      vertex 2346.97 1001.75 200
      vertex 2300 1100 200
      vertex 2346.62 1000.91 200
    endloop
  endfacet
  facet normal -0 0 1
    outer loop
      vertex 2102.47 1152.47 200
      vertex 2300 1100 200
      vertex 2400 1200 200
    endloop
  endfacet
  facet normal 0 0 1
    outer loop
      vertex 2300 1100 200
      vertex 2103.38 1150.91 200
      vertex 2103.5 1150 200
    endloop
  endfacet
  facet normal 0 0 1
    outer loop
      vertex 2300 1100 200
      vertex 2103.03 1151.75 200
      vertex 2103.38 1150.91 200
    endloop
  endfacet
  facet normal 0 0 1
    outer loop
      vertex 2300 1100 200
      vertex 2102.47 1152.47 200
      vertex 2103.03 1151.75 200
    endloop
  endfacet
  facet normal 0 0 1
    outer loop
      vertex 2400 1200 200
      vertex 2101.75 1153.03 200
      vertex 2102.47 1152.47 200
    endloop
  endfacet
  facet normal 0 0 1
    outer loop
      vertex 2400 1200 200
      vertex 2100.91 1153.38 200
      vertex 2101.75 1153.03 200
    endloop
  endfacet
  facet normal 0 0 1
    outer loop
      vertex 2400 1200 200
      vertex 2100 1153.5 200
      vertex 2100.91 1153.38 200
    endloop
  endfacet
  facet normal 0 0 1
    outer loop
      vertex 1500 1153.5 200
      vertex 2100 1153.5 200
      vertex 2400 1200 200
    endloop
  endfacet
  facet normal 0 0 1
    outer loop
      vertex 2096.62 1150.91 200
      vertex 1503.5 1150 200
      vertex 2096.5 1150 200
    endloop
  endfacet
  facet normal 0 0 1
    outer loop
      vertex 1503.38 1150.91 200
      vertex 2096.62 1150.91 200
      vertex 2096.97 1151.75 200
    endloop
  endfacet
  facet normal 0 0 1
    outer loop
      vertex 1503.03 1151.75 200
      vertex 2096.97 1151.75 200
      vertex 2097.53 1152.47 200
    endloop
  endfacet
  facet normal 0 0 1
    outer loop
      vertex 1502.47 1152.47 200
      vertex 2097.53 1152.47 200
      vertex 2098.25 1153.03 200
    endloop
  endfacet
  facet normal 0 0 1
    outer loop
      vertex 1501.75 1153.03 200
      vertex 2098.25 1153.03 200
      vertex 2099.09 1153.38 200
    endloop
  endfacet
  facet normal 0 0 1
    outer loop
      vertex 2100 1153.5 200
      vertex 1500 1153.5 200
      vertex 2099.09 1153.38 200
    endloop
  endfacet
  facet normal 0 0 1
    outer loop
      vertex 2096.62 1150.91 200
      vertex 1503.38 1150.91 200
      vertex 1503.5 1150 200
    endloop
  endfacet
  facet normal 0 0 1
    outer loop
      vertex 2096.97 1151.75 200
      vertex 1503.03 1151.75 200
      vertex 1503.38 1150.91 200
    endloop
  endfacet
  facet normal 0 0 1
    outer loop
      vertex 2097.53 1152.47 200
      vertex 1502.47 1152.47 200
      vertex 1503.03 1151.75 200
    endloop
  endfacet
  facet normal 0 0 1
    outer loop
      vertex 2098.25 1153.03 200
      vertex 1501.75 1153.03 200
      vertex 1502.47 1152.47 200
    endloop
  endfacet
  facet normal 0 0 1
    outer loop
      vertex 2099.09 1153.38 200
      vertex 1500.91 1153.38 200
      vertex 1501.75 1153.03 200
    endloop
  endfacet
  facet normal 0 0 1
    outer loop
      vertex 2099.09 1153.38 200
      vertex 1500 1153.5 200
      vertex 1500.91 1153.38 200
    endloop
  endfacet
  facet normal 0 0 1
    outer loop
      vertex 1496.62 1150.91 200
      vertex 903.5 1150 200
      vertex 1496.5 1150 200
    endloop
  endfacet
  facet normal 0 0 1
    outer loop
      vertex 903.381 1150.91 200
      vertex 1496.62 1150.91 200
      vertex 1496.97 1151.75 200
    endloop
  endfacet
  facet normal 0 0 1
    outer loop
      vertex 903.031 1151.75 200
      vertex 1496.97 1151.75 200
      vertex 1497.53 1152.47 200
    endloop
  endfacet
  facet normal 0 0 1
    outer loop
      vertex 902.475 1152.47 200
      vertex 1497.53 1152.47 200
      vertex 1498.25 1153.03 200
    endloop
  endfacet
  facet normal 0 0 1
    outer loop
      vertex 901.75 1153.03 200
      vertex 1498.25 1153.03 200
      vertex 1499.09 1153.38 200
    endloop
  endfacet
  facet normal 0 0 1
    outer loop
      vertex 900.906 1153.38 200
      vertex 1499.09 1153.38 200
      vertex 1500 1153.5 200
    endloop
  endfacet
  facet normal 0 0 1
    outer loop
      vertex 900 1153.5 200
      vertex 1500 1153.5 200
      vertex 2400 1200 200
    endloop
  endfacet
  facet normal 0 0 1
    outer loop
      vertex 1496.62 1150.91 200
      vertex 903.381 1150.91 200
      vertex 903.5 1150 200
    endloop
  endfacet
  facet normal 0 0 1
    outer loop
      vertex 1496.97 1151.75 200
      vertex 903.031 1151.75 200
      vertex 903.381 1150.91 200
    endloop
  endfacet
  facet normal 0 0 1
    outer loop
      vertex 1497.53 1152.47 200
      vertex 902.475 1152.47 200
      vertex 903.031 1151.75 200
    endloop
  endfacet
  facet normal 0 0 1
    outer loop
      vertex 1498.25 1153.03 200
      vertex 901.75 1153.03 200
      vertex 902.475 1152.47 200
    endloop
  endfacet
  facet normal 0 0 1
    outer loop
      vertex 1499.09 1153.38 200
      vertex 900.906 1153.38 200
      vertex 901.75 1153.03 200
    endloop
  endfacet
  facet normal 0 0 1
    outer loop
      vertex 1500 1153.5 200
      vertex 900 1153.5 200
      vertex 900.906 1153.38 200
    endloop
  endfacet
  facet normal 0 0 1
    outer loop
      vertex 896.619 1150.91 200
      vertex 303.5 1150 200
      vertex 896.5 1150 200
    endloop
  endfacet
  facet normal 0 0 1
    outer loop
      vertex 303.381 1150.91 200
      vertex 896.619 1150.91 200
      vertex 896.969 1151.75 200
    endloop
  endfacet
  facet normal 0 0 1
    outer loop
      vertex 303.031 1151.75 200
      vertex 896.969 1151.75 200
      vertex 897.525 1152.47 200
    endloop
  endfacet
  facet normal 0 0 1
    outer loop
      vertex 302.475 1152.47 200
      vertex 897.525 1152.47 200
      vertex 898.25 1153.03 200
    endloop
  endfacet
  facet normal 0 0 1
    outer loop
      vertex 301.75 1153.03 200
      vertex 898.25 1153.03 200
      vertex 899.094 1153.38 200
    endloop
  endfacet
  facet normal 0 0 1
    outer loop
      vertex 300.906 1153.38 200
      vertex 899.094 1153.38 200
      vertex 900 1153.5 200
    endloop
  endfacet
  facet normal -0 0 1
    outer loop
      vertex 0 1200 200
      vertex 900 1153.5 200
      vertex 2400 1200 200
    endloop
  endfacet
  facet normal 0 0 1
    outer loop
      vertex 896.619 1150.91 200
      vertex 303.381 1150.91 200
      vertex 303.5 1150 200
    endloop
  endfacet
  facet normal 0 0 1
    outer loop
      vertex 896.969 1151.75 200
      vertex 303.031 1151.75 200
      vertex 303.381 1150.91 200
    endloop
  endfacet
  facet normal 0 0 1
    outer loop
      vertex 897.525 1152.47 200
      vertex 302.475 1152.47 200
      vertex 303.031 1151.75 200
    endloop
  endfacet
  facet normal 0 0 1
    outer loop
      vertex 898.25 1153.03 200
      vertex 301.75 1153.03 200
      vertex 302.475 1152.47 200
    endloop
  endfacet
  facet normal 0 0 1
    outer loop
      vertex 899.094 1153.38 200
      vertex 300.906 1153.38 200
      vertex 301.75 1153.03 200
    endloop
  endfacet
  facet normal 0 0 1
    outer loop
      vertex 900 1153.5 200
      vertex 300 1153.5 200
      vertex 300.906 1153.38 200
    endloop
  endfacet
  facet normal 0 0 1
    outer loop
      vertex 296.619 1150.91 200
      vertex 100 1100 200
      vertex 296.5 1150 200
    endloop
  endfacet
  facet normal 0 0 1
    outer loop
      vertex 296.969 1151.75 200
      vertex 100 1100 200
      vertex 296.619 1150.91 200
    endloop
  endfacet
  facet normal 0 0 1
    outer loop
      vertex 297.525 1152.47 200
      vertex 100 1100 200
      vertex 296.969 1151.75 200
    endloop
  endfacet
  facet normal 0 0 1
    outer loop
      vertex 0 1200 200
      vertex 297.525 1152.47 200
      vertex 298.25 1153.03 200
    endloop
  endfacet
  facet normal 0 0 1
    outer loop
      vertex 0 1200 200
      vertex 298.25 1153.03 200
      vertex 299.094 1153.38 200
    endloop
  endfacet
  facet normal 0 0 1
    outer loop
      vertex 53.3807 999.094 200
      vertex 100 1100 200
      vertex 53.5 1000 200
    endloop
  endfacet
  facet normal 0 0 1
    outer loop
      vertex 100 1100 200
      vertex 53.3807 1000.91 200
      vertex 53.5 1000 200
    endloop
  endfacet
  facet normal 0 0 1
    outer loop
      vertex 100 1100 200
      vertex 53.0311 1001.75 200
      vertex 53.3807 1000.91 200
    endloop
  endfacet
  facet normal 0 0 1
    outer loop
      vertex 100 1100 200
      vertex 52.4749 1002.47 200
      vertex 53.0311 1001.75 200
    endloop
  endfacet
  facet normal 0 0 1
    outer loop
      vertex 100 1100 200
      vertex 51.75 1003.03 200
      vertex 52.4749 1002.47 200
    endloop
  endfacet
  facet normal 0 0 1
    outer loop
      vertex 100 1100 200
      vertex 50.9059 1003.38 200
      vertex 51.75 1003.03 200
    endloop
  endfacet
  facet normal 0 0 1
    outer loop
      vertex 100 1100 200
      vertex 50 1003.5 200
      vertex 50.9059 1003.38 200
    endloop
  endfacet
  facet normal 0 0 1
    outer loop
      vertex 100 1100 200
      vertex 49.0941 1003.38 200
      vertex 50 1003.5 200
    endloop
  endfacet
  facet normal 0 0 1
    outer loop
      vertex 100 1100 200
      vertex 48.25 1003.03 200
      vertex 49.0941 1003.38 200
    endloop
  endfacet
  facet normal 0 0 1
    outer loop
      vertex 0 1200 200
      vertex 48.25 1003.03 200
      vertex 100 1100 200
    endloop
  endfacet
  facet normal 0 0 1
    outer loop
      vertex 48.25 1003.03 200
      vertex 0 1200 200
      vertex 47.5251 1002.47 200
    endloop
  endfacet
  facet normal 0 0 1
    outer loop
      vertex 46.6193 600.906 200
      vertex 0 1200 200
      vertex 46.5 600 200
    endloop
  endfacet
  facet normal 0 0 1
    outer loop
      vertex 0 0 200
      vertex 46.5 600 200
      vertex 0 1200 200
    endloop
  endfacet
  facet normal 0 0 1
    outer loop
      vertex 46.6193 1000.91 200
      vertex 0 1200 200
      vertex 46.5 1000 200
    endloop
  endfacet
  facet normal 0 0 1
    outer loop
      vertex 46.9689 1001.75 200
      vertex 0 1200 200
      vertex 46.6193 1000.91 200
    endloop
  endfacet
  facet normal 0 0 1
    outer loop
      vertex 47.5251 1002.47 200
      vertex 0 1200 200
      vertex 46.9689 1001.75 200
    endloop
  endfacet
  facet normal 0 0 1
    outer loop
      vertex 297.525 1152.47 200
      vertex 0 1200 200
      vertex 100 1100 200
    endloop
  endfacet
  facet normal 0 0 1
    outer loop
      vertex 300 1153.5 200
      vertex 0 1200 200
      vertex 299.094 1153.38 200
    endloop
  endfacet
  facet normal 0 0 1
    outer loop
      vertex 900 1153.5 200
      vertex 0 1200 200
      vertex 300 1153.5 200
    endloop
  endfacet
  facet normal 0 0 1
    outer loop
      vertex 2400 1200 200
      vertex 2353.5 600 200
      vertex 2400 0 200
    endloop
  endfacet
  facet normal -0 0 1
    outer loop
      vertex 2353.38 599.094 200
      vertex 2400 0 200
      vertex 2353.5 600 200
    endloop
  endfacet
  facet normal -0 0 1
    outer loop
      vertex 2353.38 199.094 200
      vertex 2400 0 200
      vertex 2353.5 200 200
    endloop
  endfacet
  facet normal -0 0 1
    outer loop
      vertex 2353.03 198.25 200
      vertex 2400 0 200
      vertex 2353.38 199.094 200
    endloop
  endfacet
  facet normal -0 0 1
    outer loop
      vertex 2352.47 197.525 200
      vertex 2400 0 200
      vertex 2353.03 198.25 200
    endloop
  endfacet
  facet normal -0 0 1
    outer loop
      vertex 2351.75 196.969 200
      vertex 2400 0 200
      vertex 2352.47 197.525 200
    endloop
  endfacet
  facet normal 0 0 1
    outer loop
      vertex 2300 100 200
      vertex 2351.75 196.969 200
      vertex 2350.91 196.619 200
    endloop
  endfacet
  facet normal 0 0 1
    outer loop
      vertex 2300 100 200
      vertex 2350.91 196.619 200
      vertex 2350 196.5 200
    endloop
  endfacet
  facet normal 0 0 1
    outer loop
      vertex 2300 100 200
      vertex 2350 196.5 200
      vertex 2349.09 196.619 200
    endloop
  endfacet
  facet normal 0 0 1
    outer loop
      vertex 2300 100 200
      vertex 2349.09 196.619 200
      vertex 2348.25 196.969 200
    endloop
  endfacet
  facet normal 0 0 1
    outer loop
      vertex 2300 100 200
      vertex 2348.25 196.969 200
      vertex 2347.53 197.525 200
    endloop
  endfacet
  facet normal 0 0 1
    outer loop
      vertex 2300 100 200
      vertex 2347.53 197.525 200
      vertex 2346.97 198.25 200
    endloop
  endfacet
  facet normal 0 0 1
    outer loop
      vertex 2300 100 200
      vertex 2346.97 198.25 200
      vertex 2346.62 199.094 200
    endloop
  endfacet
  facet normal 0 0 1
    outer loop
      vertex 2346.62 200.906 200
      vertex 2300 100 200
      vertex 2346.5 200 200
    endloop
  endfacet
  facet normal 0 0 1
    outer loop
      vertex 2300 100 200
      vertex 2346.62 199.094 200
      vertex 2346.5 200 200
    endloop
  endfacet
  facet normal 0 0 1
    outer loop
      vertex 2351.75 196.969 200
      vertex 2300 100 200
      vertex 2400 0 200
    endloop
  endfacet
  facet normal 0 0 1
    outer loop
      vertex 2103.38 49.0941 200
      vertex 2300 100 200
      vertex 2103.5 50 200
    endloop
  endfacet
  facet normal 0 0 1
    outer loop
      vertex 2103.03 48.25 200
      vertex 2300 100 200
      vertex 2103.38 49.0941 200
    endloop
  endfacet
  facet normal 0 0 1
    outer loop
      vertex 2102.47 47.5251 200
      vertex 2300 100 200
      vertex 2103.03 48.25 200
    endloop
  endfacet
  facet normal 0 0 1
    outer loop
      vertex 2300 100 200
      vertex 2102.47 47.5251 200
      vertex 2400 0 200
    endloop
  endfacet
  facet normal -0 0 1
    outer loop
      vertex 2101.75 46.9689 200
      vertex 2400 0 200
      vertex 2102.47 47.5251 200
    endloop
  endfacet
  facet normal -0 0 1
    outer loop
      vertex 2100.91 46.6193 200
      vertex 2400 0 200
      vertex 2101.75 46.9689 200
    endloop
  endfacet
  facet normal -0 0 1
    outer loop
      vertex 2100 46.5 200
      vertex 2400 0 200
      vertex 2100.91 46.6193 200
    endloop
  endfacet
  facet normal 0 0 1
    outer loop
      vertex 1500 46.5 200
      vertex 2100 46.5 200
      vertex 2099.09 46.6193 200
    endloop
  endfacet
  facet normal -0 0 1
    outer loop
      vertex 1503.5 50 200
      vertex 2096.62 49.0941 200
      vertex 2096.5 50 200
    endloop
  endfacet
  facet normal 0 0 1
    outer loop
      vertex 1503.38 49.0941 200
      vertex 2096.62 49.0941 200
      vertex 1503.5 50 200
    endloop
  endfacet
  facet normal 0 0 1
    outer loop
      vertex 2096.62 49.0941 200
      vertex 1503.38 49.0941 200
      vertex 2096.97 48.25 200
    endloop
  endfacet
  facet normal 0 0 1
    outer loop
      vertex 1503.03 48.25 200
      vertex 2096.97 48.25 200
      vertex 1503.38 49.0941 200
    endloop
  endfacet
  facet normal 0 0 1
    outer loop
      vertex 2096.97 48.25 200
      vertex 1503.03 48.25 200
      vertex 2097.53 47.5251 200
    endloop
  endfacet
  facet normal 0 0 1
    outer loop
      vertex 1502.47 47.5251 200
      vertex 2097.53 47.5251 200
      vertex 1503.03 48.25 200
    endloop
  endfacet
  facet normal 0 0 1
    outer loop
      vertex 2097.53 47.5251 200
      vertex 1502.47 47.5251 200
      vertex 2098.25 46.9689 200
    endloop
  endfacet
  facet normal 0 0 1
    outer loop
      vertex 1501.75 46.9689 200
      vertex 2098.25 46.9689 200
      vertex 1502.47 47.5251 200
    endloop
  endfacet
  facet normal 0 0 1
    outer loop
      vertex 2098.25 46.9689 200
      vertex 1501.75 46.9689 200
      vertex 2099.09 46.6193 200
    endloop
  endfacet
  facet normal 0 0 1
    outer loop
      vertex 1500.91 46.6193 200
      vertex 2099.09 46.6193 200
      vertex 1501.75 46.9689 200
    endloop
  endfacet
  facet normal 0 0 1
    outer loop
      vertex 1500 46.5 200
      vertex 2099.09 46.6193 200
      vertex 1500.91 46.6193 200
    endloop
  endfacet
  facet normal 0 0 1
    outer loop
      vertex 2100 46.5 200
      vertex 1500 46.5 200
      vertex 2400 0 200
    endloop
  endfacet
  facet normal -0 0 1
    outer loop
      vertex 903.5 50 200
      vertex 1496.62 49.0941 200
      vertex 1496.5 50 200
    endloop
  endfacet
  facet normal 0 0 1
    outer loop
      vertex 903.381 49.0941 200
      vertex 1496.62 49.0941 200
      vertex 903.5 50 200
    endloop
  endfacet
  facet normal 0 0 1
    outer loop
      vertex 1496.62 49.0941 200
      vertex 903.381 49.0941 200
      vertex 1496.97 48.25 200
    endloop
  endfacet
  facet normal 0 0 1
    outer loop
      vertex 903.031 48.25 200
      vertex 1496.97 48.25 200
      vertex 903.381 49.0941 200
    endloop
  endfacet
  facet normal 0 0 1
    outer loop
      vertex 1496.97 48.25 200
      vertex 903.031 48.25 200
      vertex 1497.53 47.5251 200
    endloop
  endfacet
  facet normal 0 0 1
    outer loop
      vertex 902.475 47.5251 200
      vertex 1497.53 47.5251 200
      vertex 903.031 48.25 200
    endloop
  endfacet
  facet normal 0 0 1
    outer loop
      vertex 1497.53 47.5251 200
      vertex 902.475 47.5251 200
      vertex 1498.25 46.9689 200
    endloop
  endfacet
  facet normal 0 0 1
    outer loop
      vertex 901.75 46.9689 200
      vertex 1498.25 46.9689 200
      vertex 902.475 47.5251 200
    endloop
  endfacet
  facet normal 0 0 1
    outer loop
      vertex 1498.25 46.9689 200
      vertex 901.75 46.9689 200
      vertex 1499.09 46.6193 200
    endloop
  endfacet
  facet normal 0 0 1
    outer loop
      vertex 900.906 46.6193 200
      vertex 1499.09 46.6193 200
      vertex 901.75 46.9689 200
    endloop
  endfacet
  facet normal 0 0 1
    outer loop
      vertex 1499.09 46.6193 200
      vertex 900.906 46.6193 200
      vertex 1500 46.5 200
    endloop
  endfacet
  facet normal 0 0 1
    outer loop
      vertex 900 46.5 200
      vertex 1500 46.5 200
      vertex 900.906 46.6193 200
    endloop
  endfacet
  facet normal 0 0 1
    outer loop
      vertex 1500 46.5 200
      vertex 900 46.5 200
      vertex 2400 0 200
    endloop
  endfacet
  facet normal -0 0 1
    outer loop
      vertex 303.5 50 200
      vertex 896.619 49.0941 200
      vertex 896.5 50 200
    endloop
  endfacet
  facet normal 0 0 1
    outer loop
      vertex 303.381 49.0941 200
      vertex 896.619 49.0941 200
      vertex 303.5 50 200
    endloop
  endfacet
  facet normal 0 0 1
    outer loop
      vertex 896.619 49.0941 200
      vertex 303.381 49.0941 200
      vertex 896.969 48.25 200
    endloop
  endfacet
  facet normal 0 0 1
    outer loop
      vertex 303.031 48.25 200
      vertex 896.969 48.25 200
      vertex 303.381 49.0941 200
    endloop
  endfacet
  facet normal 0 0 1
    outer loop
      vertex 896.969 48.25 200
      vertex 303.031 48.25 200
      vertex 897.525 47.5251 200
    endloop
  endfacet
  facet normal 0 0 1
    outer loop
      vertex 302.475 47.5251 200
      vertex 897.525 47.5251 200
      vertex 303.031 48.25 200
    endloop
  endfacet
  facet normal 0 0 1
    outer loop
      vertex 897.525 47.5251 200
      vertex 302.475 47.5251 200
      vertex 898.25 46.9689 200
    endloop
  endfacet
  facet normal 0 0 1
    outer loop
      vertex 301.75 46.9689 200
      vertex 898.25 46.9689 200
      vertex 302.475 47.5251 200
    endloop
  endfacet
  facet normal 0 0 1
    outer loop
      vertex 898.25 46.9689 200
      vertex 301.75 46.9689 200
      vertex 899.094 46.6193 200
    endloop
  endfacet
  facet normal 0 0 1
    outer loop
      vertex 300.906 46.6193 200
      vertex 899.094 46.6193 200
      vertex 301.75 46.9689 200
    endloop
  endfacet
  facet normal 0 0 1
    outer loop
      vertex 899.094 46.6193 200
      vertex 300.906 46.6193 200
      vertex 900 46.5 200
    endloop
  endfacet
  facet normal 0 0 1
    outer loop
      vertex 300 46.5 200
      vertex 900 46.5 200
      vertex 300.906 46.6193 200
    endloop
  endfacet
  facet normal 0 0 1
    outer loop
      vertex 0 0 200
      vertex 900 46.5 200
      vertex 300 46.5 200
    endloop
  endfacet
  facet normal 0 0 1
    outer loop
      vertex 100 100 200
      vertex 296.619 49.0941 200
      vertex 296.5 50 200
    endloop
  endfacet
  facet normal 0 0 1
    outer loop
      vertex 100 100 200
      vertex 296.969 48.25 200
      vertex 296.619 49.0941 200
    endloop
  endfacet
  facet normal 0 0 1
    outer loop
      vertex 100 100 200
      vertex 297.525 47.5251 200
      vertex 296.969 48.25 200
    endloop
  endfacet
  facet normal 0 0 1
    outer loop
      vertex 0 0 200
      vertex 297.525 47.5251 200
      vertex 100 100 200
    endloop
  endfacet
  facet normal 0 0 1
    outer loop
      vertex 297.525 47.5251 200
      vertex 0 0 200
      vertex 298.25 46.9689 200
    endloop
  endfacet
  facet normal 0 0 1
    outer loop
      vertex 100 1100 200
      vertex 53.5 600 200
      vertex 100 100 200
    endloop
  endfacet
  facet normal -0 0 1
    outer loop
      vertex 53.3807 599.094 200
      vertex 100 100 200
      vertex 53.5 600 200
    endloop
  endfacet
  facet normal -0 0 1
    outer loop
      vertex 53.3807 199.094 200
      vertex 100 100 200
      vertex 53.5 200 200
    endloop
  endfacet
  facet normal -0 0 1
    outer loop
      vertex 53.0311 198.25 200
      vertex 100 100 200
      vertex 53.3807 199.094 200
    endloop
  endfacet
  facet normal -0 0 1
    outer loop
      vertex 52.4749 197.525 200
      vertex 100 100 200
      vertex 53.0311 198.25 200
    endloop
  endfacet
  facet normal -0 0 1
    outer loop
      vertex 51.75 196.969 200
      vertex 100 100 200
      vertex 52.4749 197.525 200
    endloop
  endfacet
  facet normal -0 0 1
    outer loop
      vertex 50.9059 196.619 200
      vertex 100 100 200
      vertex 51.75 196.969 200
    endloop
  endfacet
  facet normal -0 0 1
    outer loop
      vertex 50 196.5 200
      vertex 100 100 200
      vertex 50.9059 196.619 200
    endloop
  endfacet
  facet normal 0 0 1
    outer loop
      vertex 49.0941 196.619 200
      vertex 100 100 200
      vertex 50 196.5 200
    endloop
  endfacet
  facet normal 0 0 1
    outer loop
      vertex 48.25 196.969 200
      vertex 100 100 200
      vertex 49.0941 196.619 200
    endloop
  endfacet
  facet normal 0 0 1
    outer loop
      vertex 0 0 200
      vertex 48.25 196.969 200
      vertex 47.5251 197.525 200
    endloop
  endfacet
  facet normal 0 0 1
    outer loop
      vertex 0 0 200
      vertex 47.5251 197.525 200
      vertex 46.9689 198.25 200
    endloop
  endfacet
  facet normal 0 0 1
    outer loop
      vertex 900 46.5 200
      vertex 0 0 200
      vertex 2400 0 200
    endloop
  endfacet
  facet normal 0 0 1
    outer loop
      vertex 299.094 46.6193 200
      vertex 0 0 200
      vertex 300 46.5 200
    endloop
  endfacet
  facet normal 0 0 1
    outer loop
      vertex 298.25 46.9689 200
      vertex 0 0 200
      vertex 299.094 46.6193 200
    endloop
  endfacet
  facet normal 0 0 1
    outer loop
      vertex 48.25 196.969 200
      vertex 0 0 200
      vertex 100 100 200
    endloop
  endfacet
  facet normal 0 0 1
    outer loop
      vertex 46.6193 199.094 200
      vertex 0 0 200
      vertex 46.9689 198.25 200
    endloop
  endfacet
  facet normal 0 0 1
    outer loop
      vertex 46.5 200 200
      vertex 0 0 200
      vertex 46.6193 199.094 200
    endloop
  endfacet
  facet normal 0 0 1
    outer loop
      vertex 46.6193 200.906 200
      vertex 0 0 200
      vertex 46.5 200 200
    endloop
  endfacet
  facet normal -0 0 1
    outer loop
      vertex 2103.38 1149.09 200
      vertex 2300 1100 200
      vertex 2103.5 1150 200
    endloop
  endfacet
  facet normal -0 0 1
    outer loop
      vertex 2103.03 1148.25 200
      vertex 2300 1100 200
      vertex 2103.38 1149.09 200
    endloop
  endfacet
  facet normal -0 0 1
    outer loop
      vertex 2102.47 1147.53 200
      vertex 2300 1100 200
      vertex 2103.03 1148.25 200
    endloop
  endfacet
  facet normal -0 0 1
    outer loop
      vertex 2101.75 1146.97 200
      vertex 2300 1100 200
      vertex 2102.47 1147.53 200
    endloop
  endfacet
  facet normal -0 0 1
    outer loop
      vertex 2100.91 1146.62 200
      vertex 2300 1100 200
      vertex 2101.75 1146.97 200
    endloop
  endfacet
  facet normal -0 0 1
    outer loop
      vertex 2100 1146.5 200
      vertex 2300 1100 200
      vertex 2100.91 1146.62 200
    endloop
  endfacet
  facet normal 0 0 1
    outer loop
      vertex 2099.09 1146.62 200
      vertex 2300 1100 200
      vertex 2100 1146.5 200
    endloop
  endfacet
  facet normal -0 0 1
    outer loop
      vertex 1503.5 1150 200
      vertex 2096.62 1149.09 200
      vertex 2096.5 1150 200
    endloop
  endfacet
  facet normal 0 0 1
    outer loop
      vertex 1503.38 1149.09 200
      vertex 2096.62 1149.09 200
      vertex 1503.5 1150 200
    endloop
  endfacet
  facet normal 0 0 1
    outer loop
      vertex 2096.62 1149.09 200
      vertex 1503.38 1149.09 200
      vertex 2096.97 1148.25 200
    endloop
  endfacet
  facet normal 0 0 1
    outer loop
      vertex 1503.03 1148.25 200
      vertex 2096.97 1148.25 200
      vertex 1503.38 1149.09 200
    endloop
  endfacet
  facet normal 0 0 1
    outer loop
      vertex 2096.97 1148.25 200
      vertex 1503.03 1148.25 200
      vertex 2097.53 1147.53 200
    endloop
  endfacet
  facet normal 0 0 1
    outer loop
      vertex 1502.47 1147.53 200
      vertex 2097.53 1147.53 200
      vertex 1503.03 1148.25 200
    endloop
  endfacet
  facet normal 0 0 1
    outer loop
      vertex 2097.53 1147.53 200
      vertex 1502.47 1147.53 200
      vertex 2098.25 1146.97 200
    endloop
  endfacet
  facet normal 0 0 1
    outer loop
      vertex 1501.75 1146.97 200
      vertex 2098.25 1146.97 200
      vertex 1502.47 1147.53 200
    endloop
  endfacet
  facet normal 0 0 1
    outer loop
      vertex 2098.25 1146.97 200
      vertex 1501.75 1146.97 200
      vertex 2099.09 1146.62 200
    endloop
  endfacet
  facet normal 0 0 1
    outer loop
      vertex 1500.91 1146.62 200
      vertex 2099.09 1146.62 200
      vertex 1501.75 1146.97 200
    endloop
  endfacet
  facet normal 0 0 1
    outer loop
      vertex 2099.09 1146.62 200
      vertex 1500.91 1146.62 200
      vertex 2300 1100 200
    endloop
  endfacet
  facet normal -0 0 1
    outer loop
      vertex 1500 1146.5 200
      vertex 2300 1100 200
      vertex 1500.91 1146.62 200
    endloop
  endfacet
  facet normal -0 0 1
    outer loop
      vertex 903.5 1150 200
      vertex 1496.62 1149.09 200
      vertex 1496.5 1150 200
    endloop
  endfacet
  facet normal 0 0 1
    outer loop
      vertex 903.381 1149.09 200
      vertex 1496.62 1149.09 200
      vertex 903.5 1150 200
    endloop
  endfacet
  facet normal 0 0 1
    outer loop
      vertex 1496.62 1149.09 200
      vertex 903.381 1149.09 200
      vertex 1496.97 1148.25 200
    endloop
  endfacet
  facet normal 0 0 1
    outer loop
      vertex 903.031 1148.25 200
      vertex 1496.97 1148.25 200
      vertex 903.381 1149.09 200
    endloop
  endfacet
  facet normal 0 0 1
    outer loop
      vertex 1496.97 1148.25 200
      vertex 903.031 1148.25 200
      vertex 1497.53 1147.53 200
    endloop
  endfacet
  facet normal 0 0 1
    outer loop
      vertex 902.475 1147.53 200
      vertex 1497.53 1147.53 200
      vertex 903.031 1148.25 200
    endloop
  endfacet
  facet normal 0 0 1
    outer loop
      vertex 1497.53 1147.53 200
      vertex 902.475 1147.53 200
      vertex 1498.25 1146.97 200
    endloop
  endfacet
  facet normal 0 0 1
    outer loop
      vertex 901.75 1146.97 200
      vertex 1498.25 1146.97 200
      vertex 902.475 1147.53 200
    endloop
  endfacet
  facet normal 0 0 1
    outer loop
      vertex 1498.25 1146.97 200
      vertex 901.75 1146.97 200
      vertex 1499.09 1146.62 200
    endloop
  endfacet
  facet normal 0 0 1
    outer loop
      vertex 900.906 1146.62 200
      vertex 1499.09 1146.62 200
      vertex 901.75 1146.97 200
    endloop
  endfacet
  facet normal 0 0 1
    outer loop
      vertex 1499.09 1146.62 200
      vertex 900.906 1146.62 200
      vertex 1500 1146.5 200
    endloop
  endfacet
  facet normal 0 0 1
    outer loop
      vertex 900 1146.5 200
      vertex 1500 1146.5 200
      vertex 900.906 1146.62 200
    endloop
  endfacet
  facet normal 0 0 1
    outer loop
      vertex 1500 1146.5 200
      vertex 900 1146.5 200
      vertex 2300 1100 200
    endloop
  endfacet
  facet normal -0 0 1
    outer loop
      vertex 303.5 1150 200
      vertex 896.619 1149.09 200
      vertex 896.5 1150 200
    endloop
  endfacet
  facet normal 0 0 1
    outer loop
      vertex 303.381 1149.09 200
      vertex 896.619 1149.09 200
      vertex 303.5 1150 200
    endloop
  endfacet
  facet normal 0 0 1
    outer loop
      vertex 896.619 1149.09 200
      vertex 303.381 1149.09 200
      vertex 896.969 1148.25 200
    endloop
  endfacet
  facet normal 0 0 1
    outer loop
      vertex 303.031 1148.25 200
      vertex 896.969 1148.25 200
      vertex 303.381 1149.09 200
    endloop
  endfacet
  facet normal 0 0 1
    outer loop
      vertex 896.969 1148.25 200
      vertex 303.031 1148.25 200
      vertex 897.525 1147.53 200
    endloop
  endfacet
  facet normal 0 0 1
    outer loop
      vertex 302.475 1147.53 200
      vertex 897.525 1147.53 200
      vertex 303.031 1148.25 200
    endloop
  endfacet
  facet normal 0 0 1
    outer loop
      vertex 897.525 1147.53 200
      vertex 302.475 1147.53 200
      vertex 898.25 1146.97 200
    endloop
  endfacet
  facet normal 0 0 1
    outer loop
      vertex 301.75 1146.97 200
      vertex 898.25 1146.97 200
      vertex 302.475 1147.53 200
    endloop
  endfacet
  facet normal 0 0 1
    outer loop
      vertex 898.25 1146.97 200
      vertex 301.75 1146.97 200
      vertex 899.094 1146.62 200
    endloop
  endfacet
  facet normal 0 0 1
    outer loop
      vertex 300.906 1146.62 200
      vertex 899.094 1146.62 200
      vertex 301.75 1146.97 200
    endloop
  endfacet
  facet normal 0 0 1
    outer loop
      vertex 100 1100 200
      vertex 899.094 1146.62 200
      vertex 300.906 1146.62 200
    endloop
  endfacet
  facet normal 0 0 1
    outer loop
      vertex 899.094 1146.62 200
      vertex 100 1100 200
      vertex 900 1146.5 200
    endloop
  endfacet
  facet normal 0 0 1
    outer loop
      vertex 100 1100 200
      vertex 300.906 1146.62 200
      vertex 300 1146.5 200
    endloop
  endfacet
  facet normal 0 0 1
    outer loop
      vertex 900 1146.5 200
      vertex 100 1100 200
      vertex 2300 1100 200
    endloop
  endfacet
  facet normal 0 0 1
    outer loop
      vertex 299.094 1146.62 200
      vertex 100 1100 200
      vertex 300 1146.5 200
    endloop
  endfacet
  facet normal 0 0 1
    outer loop
      vertex 298.25 1146.97 200
      vertex 100 1100 200
      vertex 299.094 1146.62 200
    endloop
  endfacet
  facet normal 0 0 1
    outer loop
      vertex 297.525 1147.53 200
      vertex 100 1100 200
      vertex 298.25 1146.97 200
    endloop
  endfacet
  facet normal 0 0 1
    outer loop
      vertex 296.969 1148.25 200
      vertex 100 1100 200
      vertex 297.525 1147.53 200
    endloop
  endfacet
  facet normal 0 0 1
    outer loop
      vertex 296.619 1149.09 200
      vertex 100 1100 200
      vertex 296.969 1148.25 200
    endloop
  endfacet
  facet normal 0 0 1
    outer loop
      vertex 100 1100 200
      vertex 296.619 1149.09 200
      vertex 296.5 1150 200
    endloop
  endfacet
  facet normal 1 -0 0
    outer loop
      vertex 2400 0 200
      vertex 2400 1200 0
      vertex 2400 1200 200
    endloop
  endfacet
  facet normal 1 0 0
    outer loop
      vertex 2400 1200 0
      vertex 2400 0 200
      vertex 2400 0 0
    endloop
  endfacet
  facet normal 0 1 -0
    outer loop
      vertex 2300 100 0
      vertex 100 100 200
      vertex 2300 100 200
    endloop
  endfacet
  facet normal 0 1 0
    outer loop
      vertex 100 100 200
      vertex 2300 100 0
      vertex 100 100 0
    endloop
  endfacet
  facet normal 0 0 -1
    outer loop
      vertex 2400 0 0
      vertex 2300 100 0
      vertex 2400 1200 0
    endloop
  endfacet
  facet normal 0 0 -1
    outer loop
      vertex 2400 0 0
      vertex 100 100 0
      vertex 2300 100 0
    endloop
  endfacet
  facet normal -0 0 -1
    outer loop
      vertex 100 100 0
      vertex 0 0 0
      vertex 100 1100 0
    endloop
  endfacet
  facet normal 0 0 -1
    outer loop
      vertex 0 0 0
      vertex 100 100 0
      vertex 2400 0 0
    endloop
  endfacet
  facet normal 0 0 -1
    outer loop
      vertex 2300 1100 0
      vertex 2400 1200 0
      vertex 2300 100 0
    endloop
  endfacet
  facet normal 0 0 -1
    outer loop
      vertex 100 1100 0
      vertex 2400 1200 0
      vertex 2300 1100 0
    endloop
  endfacet
  facet normal 0 0 -1
    outer loop
      vertex 100 1100 0
      vertex 0 1200 0
      vertex 2400 1200 0
    endloop
  endfacet
  facet normal 0 0 -1
    outer loop
      vertex 0 1200 0
      vertex 100 1100 0
      vertex 0 0 0
    endloop
  endfacet
  facet normal 0 -1 0
    outer loop
      vertex 0 0 0
      vertex 2400 0 200
      vertex 0 0 200
    endloop
  endfacet
  facet normal 0 -1 -0
    outer loop
      vertex 2400 0 200
      vertex 0 0 0
      vertex 2400 0 0
    endloop
  endfacet
  facet normal 0 -1 0
    outer loop
      vertex 100 1100 0
      vertex 2300 1100 200
      vertex 100 1100 200
    endloop
  endfacet
  facet normal 0 -1 -0
    outer loop
      vertex 2300 1100 200
      vertex 100 1100 0
      vertex 2300 1100 0
    endloop
  endfacet
  facet normal 0 1 -0
    outer loop
      vertex 2400 1200 0
      vertex 0 1200 200
      vertex 2400 1200 200
    endloop
  endfacet
  facet normal 0 1 0
    outer loop
      vertex 0 1200 200
      vertex 2400 1200 0
      vertex 0 1200 0
    endloop
  endfacet
  facet normal 1 -0 0
    outer loop
      vertex 100 100 200
      vertex 100 1100 0
      vertex 100 1100 200
    endloop
  endfacet
  facet normal 1 0 0
    outer loop
      vertex 100 1100 0
      vertex 100 100 200
      vertex 100 100 0
    endloop
  endfacet
  facet normal -1 0 0
    outer loop
      vertex 2300 100 0
      vertex 2300 1100 200
      vertex 2300 1100 0
    endloop
  endfacet
  facet normal -1 -0 0
    outer loop
      vertex 2300 1100 200
      vertex 2300 100 0
      vertex 2300 100 200
    endloop
  endfacet
  facet normal 1 -0 0
    outer loop
      vertex 100 100 450
      vertex 100 1100 250
      vertex 100 1100 450
    endloop
  endfacet
  facet normal 1 0 0
    outer loop
      vertex 100 1100 250
      vertex 100 100 450
      vertex 100 100 250
    endloop
  endfacet
  facet normal 0 0 1
    outer loop
      vertex 2400 1200 450
      vertex 2300 1100 450
      vertex 2400 0 450
    endloop
  endfacet
  facet normal 0 0 1
    outer loop
      vertex 2400 1200 450
      vertex 100 1100 450
      vertex 2300 1100 450
    endloop
  endfacet
  facet normal 0 0 1
    outer loop
      vertex 100 1100 450
      vertex 0 1200 450
      vertex 100 100 450
    endloop
  endfacet
  facet normal -0 0 1
    outer loop
      vertex 0 1200 450
      vertex 100 1100 450
      vertex 2400 1200 450
    endloop
  endfacet
  facet normal -0 0 1
    outer loop
      vertex 2300 100 450
      vertex 2400 0 450
      vertex 2300 1100 450
    endloop
  endfacet
  facet normal -0 0 1
    outer loop
      vertex 100 100 450
      vertex 2400 0 450
      vertex 2300 100 450
    endloop
  endfacet
  facet normal 0 0 1
    outer loop
      vertex 100 100 450
      vertex 0 0 450
      vertex 2400 0 450
    endloop
  endfacet
  facet normal 0 0 1
    outer loop
      vertex 0 0 450
      vertex 100 100 450
      vertex 0 1200 450
    endloop
  endfacet
  facet normal -1 0 0
    outer loop
      vertex 2300 100 250
      vertex 2300 1100 450
      vertex 2300 1100 250
    endloop
  endfacet
  facet normal -1 -0 0
    outer loop
      vertex 2300 1100 450
      vertex 2300 100 250
      vertex 2300 100 450
    endloop
  endfacet
  facet normal 0 1 -0
    outer loop
      vertex 2300 100 250
      vertex 100 100 450
      vertex 2300 100 450
    endloop
  endfacet
  facet normal 0 1 0
    outer loop
      vertex 100 100 450
      vertex 2300 100 250
      vertex 100 100 250
    endloop
  endfacet
  facet normal 0 0 -1
    outer loop
      vertex 53.3807 999.094 250
      vertex 100 1100 250
      vertex 53.3807 600.906 250
    endloop
  endfacet
  facet normal 0 0 -1
    outer loop
      vertex 100 1100 250
      vertex 53.3807 999.094 250
      vertex 53.5 1000 250
    endloop
  endfacet
  facet normal 0 0 -1
    outer loop
      vertex 53.0311 601.75 250
      vertex 53.3807 999.094 250
      vertex 53.3807 600.906 250
    endloop
  endfacet
  facet normal 0 0 -1
    outer loop
      vertex 53.0311 601.75 250
      vertex 53.0311 998.25 250
      vertex 53.3807 999.094 250
    endloop
  endfacet
  facet normal 0 0 -1
    outer loop
      vertex 52.4749 602.475 250
      vertex 53.0311 998.25 250
      vertex 53.0311 601.75 250
    endloop
  endfacet
  facet normal 0 0 -1
    outer loop
      vertex 52.4749 602.475 250
      vertex 52.4749 997.525 250
      vertex 53.0311 998.25 250
    endloop
  endfacet
  facet normal 0 0 -1
    outer loop
      vertex 51.75 603.031 250
      vertex 52.4749 997.525 250
      vertex 52.4749 602.475 250
    endloop
  endfacet
  facet normal 0 0 -1
    outer loop
      vertex 51.75 603.031 250
      vertex 51.75 996.969 250
      vertex 52.4749 997.525 250
    endloop
  endfacet
  facet normal 0 0 -1
    outer loop
      vertex 50.9059 603.381 250
      vertex 51.75 996.969 250
      vertex 51.75 603.031 250
    endloop
  endfacet
  facet normal 0 0 -1
    outer loop
      vertex 50.9059 603.381 250
      vertex 50.9059 996.619 250
      vertex 51.75 996.969 250
    endloop
  endfacet
  facet normal 0 0 -1
    outer loop
      vertex 50 603.5 250
      vertex 50.9059 996.619 250
      vertex 50.9059 603.381 250
    endloop
  endfacet
  facet normal 0 0 -1
    outer loop
      vertex 50 603.5 250
      vertex 50 996.5 250
      vertex 50.9059 996.619 250
    endloop
  endfacet
  facet normal 0 0 -1
    outer loop
      vertex 49.0941 603.381 250
      vertex 50 996.5 250
      vertex 50 603.5 250
    endloop
  endfacet
  facet normal 0 0 -1
    outer loop
      vertex 49.0941 603.381 250
      vertex 49.0941 996.619 250
      vertex 50 996.5 250
    endloop
  endfacet
  facet normal 0 0 -1
    outer loop
      vertex 48.25 603.031 250
      vertex 49.0941 996.619 250
      vertex 49.0941 603.381 250
    endloop
  endfacet
  facet normal 0 0 -1
    outer loop
      vertex 48.25 603.031 250
      vertex 48.25 996.969 250
      vertex 49.0941 996.619 250
    endloop
  endfacet
  facet normal 0 0 -1
    outer loop
      vertex 47.5251 602.475 250
      vertex 48.25 996.969 250
      vertex 48.25 603.031 250
    endloop
  endfacet
  facet normal 0 0 -1
    outer loop
      vertex 47.5251 602.475 250
      vertex 47.5251 997.525 250
      vertex 48.25 996.969 250
    endloop
  endfacet
  facet normal 0 0 -1
    outer loop
      vertex 46.9689 601.75 250
      vertex 47.5251 997.525 250
      vertex 47.5251 602.475 250
    endloop
  endfacet
  facet normal 0 0 -1
    outer loop
      vertex 46.9689 601.75 250
      vertex 46.9689 998.25 250
      vertex 47.5251 997.525 250
    endloop
  endfacet
  facet normal 0 0 -1
    outer loop
      vertex 46.6193 600.906 250
      vertex 46.9689 998.25 250
      vertex 46.9689 601.75 250
    endloop
  endfacet
  facet normal 0 0 -1
    outer loop
      vertex 46.6193 600.906 250
      vertex 46.6193 999.094 250
      vertex 46.9689 998.25 250
    endloop
  endfacet
  facet normal 0 0 -1
    outer loop
      vertex 0 1200 250
      vertex 46.6193 600.906 250
      vertex 46.5 600 250
    endloop
  endfacet
  facet normal 0 0 -1
    outer loop
      vertex 46.6193 600.906 250
      vertex 0 1200 250
      vertex 46.6193 999.094 250
    endloop
  endfacet
  facet normal 0 0 -1
    outer loop
      vertex 53.3807 599.094 250
      vertex 100 100 250
      vertex 53.3807 200.906 250
    endloop
  endfacet
  facet normal 0 0 -1
    outer loop
      vertex 100 100 250
      vertex 53.3807 599.094 250
      vertex 53.5 600 250
    endloop
  endfacet
  facet normal 0 0 -1
    outer loop
      vertex 53.0311 201.75 250
      vertex 53.3807 599.094 250
      vertex 53.3807 200.906 250
    endloop
  endfacet
  facet normal 0 0 -1
    outer loop
      vertex 53.0311 201.75 250
      vertex 53.0311 598.25 250
      vertex 53.3807 599.094 250
    endloop
  endfacet
  facet normal 0 0 -1
    outer loop
      vertex 52.4749 202.475 250
      vertex 53.0311 598.25 250
      vertex 53.0311 201.75 250
    endloop
  endfacet
  facet normal 0 0 -1
    outer loop
      vertex 52.4749 202.475 250
      vertex 52.4749 597.525 250
      vertex 53.0311 598.25 250
    endloop
  endfacet
  facet normal 0 0 -1
    outer loop
      vertex 51.75 203.031 250
      vertex 52.4749 597.525 250
      vertex 52.4749 202.475 250
    endloop
  endfacet
  facet normal 0 0 -1
    outer loop
      vertex 51.75 203.031 250
      vertex 51.75 596.969 250
      vertex 52.4749 597.525 250
    endloop
  endfacet
  facet normal 0 0 -1
    outer loop
      vertex 50.9059 203.381 250
      vertex 51.75 596.969 250
      vertex 51.75 203.031 250
    endloop
  endfacet
  facet normal 0 0 -1
    outer loop
      vertex 50.9059 203.381 250
      vertex 50.9059 596.619 250
      vertex 51.75 596.969 250
    endloop
  endfacet
  facet normal 0 0 -1
    outer loop
      vertex 50 203.5 250
      vertex 50.9059 596.619 250
      vertex 50.9059 203.381 250
    endloop
  endfacet
  facet normal 0 0 -1
    outer loop
      vertex 50 203.5 250
      vertex 50 596.5 250
      vertex 50.9059 596.619 250
    endloop
  endfacet
  facet normal 0 0 -1
    outer loop
      vertex 49.0941 203.381 250
      vertex 50 596.5 250
      vertex 50 203.5 250
    endloop
  endfacet
  facet normal 0 0 -1
    outer loop
      vertex 49.0941 203.381 250
      vertex 49.0941 596.619 250
      vertex 50 596.5 250
    endloop
  endfacet
  facet normal 0 0 -1
    outer loop
      vertex 48.25 203.031 250
      vertex 49.0941 596.619 250
      vertex 49.0941 203.381 250
    endloop
  endfacet
  facet normal 0 0 -1
    outer loop
      vertex 48.25 203.031 250
      vertex 48.25 596.969 250
      vertex 49.0941 596.619 250
    endloop
  endfacet
  facet normal 0 0 -1
    outer loop
      vertex 47.5251 202.475 250
      vertex 48.25 596.969 250
      vertex 48.25 203.031 250
    endloop
  endfacet
  facet normal 0 0 -1
    outer loop
      vertex 47.5251 202.475 250
      vertex 47.5251 597.525 250
      vertex 48.25 596.969 250
    endloop
  endfacet
  facet normal 0 0 -1
    outer loop
      vertex 46.9689 201.75 250
      vertex 47.5251 597.525 250
      vertex 47.5251 202.475 250
    endloop
  endfacet
  facet normal 0 0 -1
    outer loop
      vertex 46.9689 201.75 250
      vertex 46.9689 598.25 250
      vertex 47.5251 597.525 250
    endloop
  endfacet
  facet normal 0 0 -1
    outer loop
      vertex 46.6193 200.906 250
      vertex 46.9689 598.25 250
      vertex 46.9689 201.75 250
    endloop
  endfacet
  facet normal 0 0 -1
    outer loop
      vertex 46.6193 200.906 250
      vertex 46.6193 599.094 250
      vertex 46.9689 598.25 250
    endloop
  endfacet
  facet normal 0 0 -1
    outer loop
      vertex 0 0 250
      vertex 46.6193 200.906 250
      vertex 46.5 200 250
    endloop
  endfacet
  facet normal -0 0 -1
    outer loop
      vertex 46.6193 200.906 250
      vertex 0 0 250
      vertex 46.6193 599.094 250
    endloop
  endfacet
  facet normal 0 0 -1
    outer loop
      vertex 2300 1100 250
      vertex 2103.38 1149.09 250
      vertex 2103.5 1150 250
    endloop
  endfacet
  facet normal 0 0 -1
    outer loop
      vertex 2300 1100 250
      vertex 2103.03 1148.25 250
      vertex 2103.38 1149.09 250
    endloop
  endfacet
  facet normal 0 0 -1
    outer loop
      vertex 2300 1100 250
      vertex 2102.47 1147.53 250
      vertex 2103.03 1148.25 250
    endloop
  endfacet
  facet normal 0 0 -1
    outer loop
      vertex 2300 1100 250
      vertex 2101.75 1146.97 250
      vertex 2102.47 1147.53 250
    endloop
  endfacet
  facet normal 0 0 -1
    outer loop
      vertex 2300 1100 250
      vertex 2100.91 1146.62 250
      vertex 2101.75 1146.97 250
    endloop
  endfacet
  facet normal 0 0 -1
    outer loop
      vertex 2300 1100 250
      vertex 2100 1146.5 250
      vertex 2100.91 1146.62 250
    endloop
  endfacet
  facet normal 0 0 -1
    outer loop
      vertex 2300 1100 250
      vertex 2099.09 1146.62 250
      vertex 2100 1146.5 250
    endloop
  endfacet
  facet normal 0 0 -1
    outer loop
      vertex 2096.62 1149.09 250
      vertex 1503.5 1150 250
      vertex 2096.5 1150 250
    endloop
  endfacet
  facet normal 0 0 -1
    outer loop
      vertex 1503.38 1149.09 250
      vertex 2096.62 1149.09 250
      vertex 2096.97 1148.25 250
    endloop
  endfacet
  facet normal 0 0 -1
    outer loop
      vertex 1503.03 1148.25 250
      vertex 2096.97 1148.25 250
      vertex 2097.53 1147.53 250
    endloop
  endfacet
  facet normal 0 0 -1
    outer loop
      vertex 1502.47 1147.53 250
      vertex 2097.53 1147.53 250
      vertex 2098.25 1146.97 250
    endloop
  endfacet
  facet normal 0 0 -1
    outer loop
      vertex 1501.75 1146.97 250
      vertex 2098.25 1146.97 250
      vertex 2099.09 1146.62 250
    endloop
  endfacet
  facet normal 0 0 -1
    outer loop
      vertex 1500.91 1146.62 250
      vertex 2099.09 1146.62 250
      vertex 2300 1100 250
    endloop
  endfacet
  facet normal 0 0 -1
    outer loop
      vertex 2096.62 1149.09 250
      vertex 1503.38 1149.09 250
      vertex 1503.5 1150 250
    endloop
  endfacet
  facet normal 0 0 -1
    outer loop
      vertex 2096.97 1148.25 250
      vertex 1503.03 1148.25 250
      vertex 1503.38 1149.09 250
    endloop
  endfacet
  facet normal 0 0 -1
    outer loop
      vertex 2097.53 1147.53 250
      vertex 1502.47 1147.53 250
      vertex 1503.03 1148.25 250
    endloop
  endfacet
  facet normal 0 0 -1
    outer loop
      vertex 2098.25 1146.97 250
      vertex 1501.75 1146.97 250
      vertex 1502.47 1147.53 250
    endloop
  endfacet
  facet normal 0 0 -1
    outer loop
      vertex 2099.09 1146.62 250
      vertex 1500.91 1146.62 250
      vertex 1501.75 1146.97 250
    endloop
  endfacet
  facet normal 0 0 -1
    outer loop
      vertex 2300 1100 250
      vertex 1500 1146.5 250
      vertex 1500.91 1146.62 250
    endloop
  endfacet
  facet normal 0 0 -1
    outer loop
      vertex 1496.62 1149.09 250
      vertex 903.5 1150 250
      vertex 1496.5 1150 250
    endloop
  endfacet
  facet normal 0 0 -1
    outer loop
      vertex 903.381 1149.09 250
      vertex 1496.62 1149.09 250
      vertex 1496.97 1148.25 250
    endloop
  endfacet
  facet normal 0 0 -1
    outer loop
      vertex 903.031 1148.25 250
      vertex 1496.97 1148.25 250
      vertex 1497.53 1147.53 250
    endloop
  endfacet
  facet normal 0 0 -1
    outer loop
      vertex 902.475 1147.53 250
      vertex 1497.53 1147.53 250
      vertex 1498.25 1146.97 250
    endloop
  endfacet
  facet normal 0 0 -1
    outer loop
      vertex 901.75 1146.97 250
      vertex 1498.25 1146.97 250
      vertex 1499.09 1146.62 250
    endloop
  endfacet
  facet normal 0 0 -1
    outer loop
      vertex 900.906 1146.62 250
      vertex 1499.09 1146.62 250
      vertex 1500 1146.5 250
    endloop
  endfacet
  facet normal 0 0 -1
    outer loop
      vertex 900 1146.5 250
      vertex 1500 1146.5 250
      vertex 2300 1100 250
    endloop
  endfacet
  facet normal 0 0 -1
    outer loop
      vertex 1496.62 1149.09 250
      vertex 903.381 1149.09 250
      vertex 903.5 1150 250
    endloop
  endfacet
  facet normal 0 0 -1
    outer loop
      vertex 1496.97 1148.25 250
      vertex 903.031 1148.25 250
      vertex 903.381 1149.09 250
    endloop
  endfacet
  facet normal 0 0 -1
    outer loop
      vertex 1497.53 1147.53 250
      vertex 902.475 1147.53 250
      vertex 903.031 1148.25 250
    endloop
  endfacet
  facet normal 0 0 -1
    outer loop
      vertex 1498.25 1146.97 250
      vertex 901.75 1146.97 250
      vertex 902.475 1147.53 250
    endloop
  endfacet
  facet normal 0 0 -1
    outer loop
      vertex 1499.09 1146.62 250
      vertex 900.906 1146.62 250
      vertex 901.75 1146.97 250
    endloop
  endfacet
  facet normal 0 0 -1
    outer loop
      vertex 1500 1146.5 250
      vertex 900 1146.5 250
      vertex 900.906 1146.62 250
    endloop
  endfacet
  facet normal 0 0 -1
    outer loop
      vertex 896.619 1149.09 250
      vertex 303.5 1150 250
      vertex 896.5 1150 250
    endloop
  endfacet
  facet normal 0 0 -1
    outer loop
      vertex 303.381 1149.09 250
      vertex 896.619 1149.09 250
      vertex 896.969 1148.25 250
    endloop
  endfacet
  facet normal 0 0 -1
    outer loop
      vertex 303.031 1148.25 250
      vertex 896.969 1148.25 250
      vertex 897.525 1147.53 250
    endloop
  endfacet
  facet normal 0 0 -1
    outer loop
      vertex 302.475 1147.53 250
      vertex 897.525 1147.53 250
      vertex 898.25 1146.97 250
    endloop
  endfacet
  facet normal 0 0 -1
    outer loop
      vertex 301.75 1146.97 250
      vertex 898.25 1146.97 250
      vertex 899.094 1146.62 250
    endloop
  endfacet
  facet normal 0 0 -1
    outer loop
      vertex 100 1100 250
      vertex 899.094 1146.62 250
      vertex 900 1146.5 250
    endloop
  endfacet
  facet normal 0 0 -1
    outer loop
      vertex 100 1100 250
      vertex 900 1146.5 250
      vertex 2300 1100 250
    endloop
  endfacet
  facet normal 0 0 -1
    outer loop
      vertex 896.619 1149.09 250
      vertex 303.381 1149.09 250
      vertex 303.5 1150 250
    endloop
  endfacet
  facet normal 0 0 -1
    outer loop
      vertex 896.969 1148.25 250
      vertex 303.031 1148.25 250
      vertex 303.381 1149.09 250
    endloop
  endfacet
  facet normal 0 0 -1
    outer loop
      vertex 897.525 1147.53 250
      vertex 302.475 1147.53 250
      vertex 303.031 1148.25 250
    endloop
  endfacet
  facet normal 0 0 -1
    outer loop
      vertex 898.25 1146.97 250
      vertex 301.75 1146.97 250
      vertex 302.475 1147.53 250
    endloop
  endfacet
  facet normal 0 0 -1
    outer loop
      vertex 899.094 1146.62 250
      vertex 300.906 1146.62 250
      vertex 301.75 1146.97 250
    endloop
  endfacet
  facet normal -0 0 -1
    outer loop
      vertex 899.094 1146.62 250
      vertex 100 1100 250
      vertex 300.906 1146.62 250
    endloop
  endfacet
  facet normal -0 0 -1
    outer loop
      vertex 296.619 1149.09 250
      vertex 100 1100 250
      vertex 296.5 1150 250
    endloop
  endfacet
  facet normal -0 0 -1
    outer loop
      vertex 296.969 1148.25 250
      vertex 100 1100 250
      vertex 296.619 1149.09 250
    endloop
  endfacet
  facet normal -0 0 -1
    outer loop
      vertex 297.525 1147.53 250
      vertex 100 1100 250
      vertex 296.969 1148.25 250
    endloop
  endfacet
  facet normal -0 0 -1
    outer loop
      vertex 298.25 1146.97 250
      vertex 100 1100 250
      vertex 297.525 1147.53 250
    endloop
  endfacet
  facet normal -0 0 -1
    outer loop
      vertex 299.094 1146.62 250
      vertex 100 1100 250
      vertex 298.25 1146.97 250
    endloop
  endfacet
  facet normal -0 0 -1
    outer loop
      vertex 300 1146.5 250
      vertex 100 1100 250
      vertex 299.094 1146.62 250
    endloop
  endfacet
  facet normal 0 0 -1
    outer loop
      vertex 300.906 1146.62 250
      vertex 100 1100 250
      vertex 300 1146.5 250
    endloop
  endfacet
  facet normal 0 0 -1
    outer loop
      vertex 2353.38 999.094 250
      vertex 2400 1200 250
      vertex 2353.38 600.906 250
    endloop
  endfacet
  facet normal 0 0 -1
    outer loop
      vertex 2400 1200 250
      vertex 2353.38 999.094 250
      vertex 2353.5 1000 250
    endloop
  endfacet
  facet normal 0 0 -1
    outer loop
      vertex 2353.03 601.75 250
      vertex 2353.38 999.094 250
      vertex 2353.38 600.906 250
    endloop
  endfacet
  facet normal 0 0 -1
    outer loop
      vertex 2353.03 601.75 250
      vertex 2353.03 998.25 250
      vertex 2353.38 999.094 250
    endloop
  endfacet
  facet normal 0 0 -1
    outer loop
      vertex 2352.47 602.475 250
      vertex 2353.03 998.25 250
      vertex 2353.03 601.75 250
    endloop
  endfacet
  facet normal 0 0 -1
    outer loop
      vertex 2352.47 602.475 250
      vertex 2352.47 997.525 250
      vertex 2353.03 998.25 250
    endloop
  endfacet
  facet normal 0 0 -1
    outer loop
      vertex 2351.75 603.031 250
      vertex 2352.47 997.525 250
      vertex 2352.47 602.475 250
    endloop
  endfacet
  facet normal 0 0 -1
    outer loop
      vertex 2351.75 603.031 250
      vertex 2351.75 996.969 250
      vertex 2352.47 997.525 250
    endloop
  endfacet
  facet normal 0 0 -1
    outer loop
      vertex 2350.91 603.381 250
      vertex 2351.75 996.969 250
      vertex 2351.75 603.031 250
    endloop
  endfacet
  facet normal 0 0 -1
    outer loop
      vertex 2350.91 603.381 250
      vertex 2350.91 996.619 250
      vertex 2351.75 996.969 250
    endloop
  endfacet
  facet normal 0 0 -1
    outer loop
      vertex 2350 603.5 250
      vertex 2350.91 996.619 250
      vertex 2350.91 603.381 250
    endloop
  endfacet
  facet normal 0 0 -1
    outer loop
      vertex 2350 603.5 250
      vertex 2350 996.5 250
      vertex 2350.91 996.619 250
    endloop
  endfacet
  facet normal 0 0 -1
    outer loop
      vertex 2349.09 603.381 250
      vertex 2350 996.5 250
      vertex 2350 603.5 250
    endloop
  endfacet
  facet normal 0 0 -1
    outer loop
      vertex 2349.09 603.381 250
      vertex 2349.09 996.619 250
      vertex 2350 996.5 250
    endloop
  endfacet
  facet normal 0 0 -1
    outer loop
      vertex 2348.25 603.031 250
      vertex 2349.09 996.619 250
      vertex 2349.09 603.381 250
    endloop
  endfacet
  facet normal 0 0 -1
    outer loop
      vertex 2348.25 603.031 250
      vertex 2348.25 996.969 250
      vertex 2349.09 996.619 250
    endloop
  endfacet
  facet normal 0 0 -1
    outer loop
      vertex 2347.53 602.475 250
      vertex 2348.25 996.969 250
      vertex 2348.25 603.031 250
    endloop
  endfacet
  facet normal 0 0 -1
    outer loop
      vertex 2347.53 602.475 250
      vertex 2347.53 997.525 250
      vertex 2348.25 996.969 250
    endloop
  endfacet
  facet normal 0 0 -1
    outer loop
      vertex 2346.97 601.75 250
      vertex 2347.53 997.525 250
      vertex 2347.53 602.475 250
    endloop
  endfacet
  facet normal 0 0 -1
    outer loop
      vertex 2346.97 601.75 250
      vertex 2346.97 998.25 250
      vertex 2347.53 997.525 250
    endloop
  endfacet
  facet normal 0 0 -1
    outer loop
      vertex 2346.62 600.906 250
      vertex 2346.97 998.25 250
      vertex 2346.97 601.75 250
    endloop
  endfacet
  facet normal 0 0 -1
    outer loop
      vertex 2346.62 600.906 250
      vertex 2346.62 999.094 250
      vertex 2346.97 998.25 250
    endloop
  endfacet
  facet normal 0 0 -1
    outer loop
      vertex 2300 1100 250
      vertex 2346.62 600.906 250
      vertex 2346.5 600 250
    endloop
  endfacet
  facet normal 0 0 -1
    outer loop
      vertex 2346.62 600.906 250
      vertex 2300 1100 250
      vertex 2346.62 999.094 250
    endloop
  endfacet
  facet normal 0 0 -1
    outer loop
      vertex 2353.38 599.094 250
      vertex 2400 0 250
      vertex 2353.38 200.906 250
    endloop
  endfacet
  facet normal 0 0 -1
    outer loop
      vertex 2400 0 250
      vertex 2353.38 599.094 250
      vertex 2353.5 600 250
    endloop
  endfacet
  facet normal 0 0 -1
    outer loop
      vertex 2353.03 201.75 250
      vertex 2353.38 599.094 250
      vertex 2353.38 200.906 250
    endloop
  endfacet
  facet normal 0 0 -1
    outer loop
      vertex 2353.03 201.75 250
      vertex 2353.03 598.25 250
      vertex 2353.38 599.094 250
    endloop
  endfacet
  facet normal 0 0 -1
    outer loop
      vertex 2352.47 202.475 250
      vertex 2353.03 598.25 250
      vertex 2353.03 201.75 250
    endloop
  endfacet
  facet normal 0 0 -1
    outer loop
      vertex 2352.47 202.475 250
      vertex 2352.47 597.525 250
      vertex 2353.03 598.25 250
    endloop
  endfacet
  facet normal 0 0 -1
    outer loop
      vertex 2351.75 203.031 250
      vertex 2352.47 597.525 250
      vertex 2352.47 202.475 250
    endloop
  endfacet
  facet normal 0 0 -1
    outer loop
      vertex 2351.75 203.031 250
      vertex 2351.75 596.969 250
      vertex 2352.47 597.525 250
    endloop
  endfacet
  facet normal 0 0 -1
    outer loop
      vertex 2350.91 203.381 250
      vertex 2351.75 596.969 250
      vertex 2351.75 203.031 250
    endloop
  endfacet
  facet normal 0 0 -1
    outer loop
      vertex 2350.91 203.381 250
      vertex 2350.91 596.619 250
      vertex 2351.75 596.969 250
    endloop
  endfacet
  facet normal 0 0 -1
    outer loop
      vertex 2350 203.5 250
      vertex 2350.91 596.619 250
      vertex 2350.91 203.381 250
    endloop
  endfacet
  facet normal 0 0 -1
    outer loop
      vertex 2350 203.5 250
      vertex 2350 596.5 250
      vertex 2350.91 596.619 250
    endloop
  endfacet
  facet normal 0 0 -1
    outer loop
      vertex 2349.09 203.381 250
      vertex 2350 596.5 250
      vertex 2350 203.5 250
    endloop
  endfacet
  facet normal 0 0 -1
    outer loop
      vertex 2349.09 203.381 250
      vertex 2349.09 596.619 250
      vertex 2350 596.5 250
    endloop
  endfacet
  facet normal 0 0 -1
    outer loop
      vertex 2348.25 203.031 250
      vertex 2349.09 596.619 250
      vertex 2349.09 203.381 250
    endloop
  endfacet
  facet normal 0 0 -1
    outer loop
      vertex 2348.25 203.031 250
      vertex 2348.25 596.969 250
      vertex 2349.09 596.619 250
    endloop
  endfacet
  facet normal 0 0 -1
    outer loop
      vertex 2347.53 202.475 250
      vertex 2348.25 596.969 250
      vertex 2348.25 203.031 250
    endloop
  endfacet
  facet normal 0 0 -1
    outer loop
      vertex 2347.53 202.475 250
      vertex 2347.53 597.525 250
      vertex 2348.25 596.969 250
    endloop
  endfacet
  facet normal 0 0 -1
    outer loop
      vertex 2346.97 201.75 250
      vertex 2347.53 597.525 250
      vertex 2347.53 202.475 250
    endloop
  endfacet
  facet normal 0 0 -1
    outer loop
      vertex 2346.97 201.75 250
      vertex 2346.97 598.25 250
      vertex 2347.53 597.525 250
    endloop
  endfacet
  facet normal 0 0 -1
    outer loop
      vertex 2346.62 200.906 250
      vertex 2346.97 598.25 250
      vertex 2346.97 201.75 250
    endloop
  endfacet
  facet normal 0 0 -1
    outer loop
      vertex 2346.62 200.906 250
      vertex 2346.62 599.094 250
      vertex 2346.97 598.25 250
    endloop
  endfacet
  facet normal 0 0 -1
    outer loop
      vertex 2300 100 250
      vertex 2346.62 200.906 250
      vertex 2346.5 200 250
    endloop
  endfacet
  facet normal -0 0 -1
    outer loop
      vertex 2346.62 200.906 250
      vertex 2300 100 250
      vertex 2346.62 599.094 250
    endloop
  endfacet
  facet normal 0 0 -1
    outer loop
      vertex 2353.38 200.906 250
      vertex 2400 0 250
      vertex 2353.5 200 250
    endloop
  endfacet
  facet normal 0 0 -1
    outer loop
      vertex 2400 0 250
      vertex 2353.38 199.094 250
      vertex 2353.5 200 250
    endloop
  endfacet
  facet normal 0 0 -1
    outer loop
      vertex 2400 0 250
      vertex 2353.03 198.25 250
      vertex 2353.38 199.094 250
    endloop
  endfacet
  facet normal 0 0 -1
    outer loop
      vertex 2400 0 250
      vertex 2352.47 197.525 250
      vertex 2353.03 198.25 250
    endloop
  endfacet
  facet normal 0 0 -1
    outer loop
      vertex 2400 0 250
      vertex 2351.75 196.969 250
      vertex 2352.47 197.525 250
    endloop
  endfacet
  facet normal 0 0 -1
    outer loop
      vertex 2300 100 250
      vertex 2351.75 196.969 250
      vertex 2400 0 250
    endloop
  endfacet
  facet normal 0 0 -1
    outer loop
      vertex 2351.75 196.969 250
      vertex 2300 100 250
      vertex 2350.91 196.619 250
    endloop
  endfacet
  facet normal 0 0 -1
    outer loop
      vertex 2350.91 196.619 250
      vertex 2300 100 250
      vertex 2350 196.5 250
    endloop
  endfacet
  facet normal -0 0 -1
    outer loop
      vertex 2350 196.5 250
      vertex 2300 100 250
      vertex 2349.09 196.619 250
    endloop
  endfacet
  facet normal -0 0 -1
    outer loop
      vertex 2349.09 196.619 250
      vertex 2300 100 250
      vertex 2348.25 196.969 250
    endloop
  endfacet
  facet normal -0 0 -1
    outer loop
      vertex 2348.25 196.969 250
      vertex 2300 100 250
      vertex 2347.53 197.525 250
    endloop
  endfacet
  facet normal -0 0 -1
    outer loop
      vertex 2347.53 197.525 250
      vertex 2300 100 250
      vertex 2346.97 198.25 250
    endloop
  endfacet
  facet normal -0 0 -1
    outer loop
      vertex 2346.62 599.094 250
      vertex 2300 100 250
      vertex 2346.5 600 250
    endloop
  endfacet
  facet normal 0 0 -1
    outer loop
      vertex 2300 1100 250
      vertex 2346.5 600 250
      vertex 2300 100 250
    endloop
  endfacet
  facet normal -0 0 -1
    outer loop
      vertex 2346.62 199.094 250
      vertex 2300 100 250
      vertex 2346.5 200 250
    endloop
  endfacet
  facet normal -0 0 -1
    outer loop
      vertex 2346.97 198.25 250
      vertex 2300 100 250
      vertex 2346.62 199.094 250
    endloop
  endfacet
  facet normal 0 0 -1
    outer loop
      vertex 2102.47 47.5251 250
      vertex 2300 100 250
      vertex 2400 0 250
    endloop
  endfacet
  facet normal 0 0 -1
    outer loop
      vertex 2300 100 250
      vertex 2103.38 49.0941 250
      vertex 2103.5 50 250
    endloop
  endfacet
  facet normal 0 0 -1
    outer loop
      vertex 2300 100 250
      vertex 2103.03 48.25 250
      vertex 2103.38 49.0941 250
    endloop
  endfacet
  facet normal 0 0 -1
    outer loop
      vertex 2300 100 250
      vertex 2102.47 47.5251 250
      vertex 2103.03 48.25 250
    endloop
  endfacet
  facet normal 0 0 -1
    outer loop
      vertex 2400 0 250
      vertex 2101.75 46.9689 250
      vertex 2102.47 47.5251 250
    endloop
  endfacet
  facet normal 0 0 -1
    outer loop
      vertex 2400 0 250
      vertex 2100.91 46.6193 250
      vertex 2101.75 46.9689 250
    endloop
  endfacet
  facet normal 0 0 -1
    outer loop
      vertex 2400 0 250
      vertex 2100 46.5 250
      vertex 2100.91 46.6193 250
    endloop
  endfacet
  facet normal 0 0 -1
    outer loop
      vertex 1500 46.5 250
      vertex 2100 46.5 250
      vertex 2400 0 250
    endloop
  endfacet
  facet normal 0 0 -1
    outer loop
      vertex 2096.62 49.0941 250
      vertex 1503.5 50 250
      vertex 2096.5 50 250
    endloop
  endfacet
  facet normal 0 0 -1
    outer loop
      vertex 1503.38 49.0941 250
      vertex 2096.62 49.0941 250
      vertex 2096.97 48.25 250
    endloop
  endfacet
  facet normal 0 0 -1
    outer loop
      vertex 1503.03 48.25 250
      vertex 2096.97 48.25 250
      vertex 2097.53 47.5251 250
    endloop
  endfacet
  facet normal 0 0 -1
    outer loop
      vertex 1502.47 47.5251 250
      vertex 2097.53 47.5251 250
      vertex 2098.25 46.9689 250
    endloop
  endfacet
  facet normal 0 0 -1
    outer loop
      vertex 1501.75 46.9689 250
      vertex 2098.25 46.9689 250
      vertex 2099.09 46.6193 250
    endloop
  endfacet
  facet normal 0 0 -1
    outer loop
      vertex 2100 46.5 250
      vertex 1500 46.5 250
      vertex 2099.09 46.6193 250
    endloop
  endfacet
  facet normal 0 0 -1
    outer loop
      vertex 2096.62 49.0941 250
      vertex 1503.38 49.0941 250
      vertex 1503.5 50 250
    endloop
  endfacet
  facet normal 0 0 -1
    outer loop
      vertex 2096.97 48.25 250
      vertex 1503.03 48.25 250
      vertex 1503.38 49.0941 250
    endloop
  endfacet
  facet normal 0 0 -1
    outer loop
      vertex 2097.53 47.5251 250
      vertex 1502.47 47.5251 250
      vertex 1503.03 48.25 250
    endloop
  endfacet
  facet normal 0 0 -1
    outer loop
      vertex 2098.25 46.9689 250
      vertex 1501.75 46.9689 250
      vertex 1502.47 47.5251 250
    endloop
  endfacet
  facet normal 0 0 -1
    outer loop
      vertex 2099.09 46.6193 250
      vertex 1500.91 46.6193 250
      vertex 1501.75 46.9689 250
    endloop
  endfacet
  facet normal -0 0 -1
    outer loop
      vertex 2099.09 46.6193 250
      vertex 1500 46.5 250
      vertex 1500.91 46.6193 250
    endloop
  endfacet
  facet normal 0 0 -1
    outer loop
      vertex 1496.62 49.0941 250
      vertex 903.5 50 250
      vertex 1496.5 50 250
    endloop
  endfacet
  facet normal 0 0 -1
    outer loop
      vertex 903.381 49.0941 250
      vertex 1496.62 49.0941 250
      vertex 1496.97 48.25 250
    endloop
  endfacet
  facet normal 0 0 -1
    outer loop
      vertex 903.031 48.25 250
      vertex 1496.97 48.25 250
      vertex 1497.53 47.5251 250
    endloop
  endfacet
  facet normal 0 0 -1
    outer loop
      vertex 902.475 47.5251 250
      vertex 1497.53 47.5251 250
      vertex 1498.25 46.9689 250
    endloop
  endfacet
  facet normal 0 0 -1
    outer loop
      vertex 901.75 46.9689 250
      vertex 1498.25 46.9689 250
      vertex 1499.09 46.6193 250
    endloop
  endfacet
  facet normal 0 0 -1
    outer loop
      vertex 900.906 46.6193 250
      vertex 1499.09 46.6193 250
      vertex 1500 46.5 250
    endloop
  endfacet
  facet normal 0 0 -1
    outer loop
      vertex 900 46.5 250
      vertex 1500 46.5 250
      vertex 2400 0 250
    endloop
  endfacet
  facet normal 0 0 -1
    outer loop
      vertex 1496.62 49.0941 250
      vertex 903.381 49.0941 250
      vertex 903.5 50 250
    endloop
  endfacet
  facet normal 0 0 -1
    outer loop
      vertex 1496.97 48.25 250
      vertex 903.031 48.25 250
      vertex 903.381 49.0941 250
    endloop
  endfacet
  facet normal 0 0 -1
    outer loop
      vertex 1497.53 47.5251 250
      vertex 902.475 47.5251 250
      vertex 903.031 48.25 250
    endloop
  endfacet
  facet normal 0 0 -1
    outer loop
      vertex 1498.25 46.9689 250
      vertex 901.75 46.9689 250
      vertex 902.475 47.5251 250
    endloop
  endfacet
  facet normal 0 0 -1
    outer loop
      vertex 1499.09 46.6193 250
      vertex 900.906 46.6193 250
      vertex 901.75 46.9689 250
    endloop
  endfacet
  facet normal 0 0 -1
    outer loop
      vertex 1500 46.5 250
      vertex 900 46.5 250
      vertex 900.906 46.6193 250
    endloop
  endfacet
  facet normal 0 0 -1
    outer loop
      vertex 896.619 49.0941 250
      vertex 303.5 50 250
      vertex 896.5 50 250
    endloop
  endfacet
  facet normal 0 0 -1
    outer loop
      vertex 303.381 49.0941 250
      vertex 896.619 49.0941 250
      vertex 896.969 48.25 250
    endloop
  endfacet
  facet normal 0 0 -1
    outer loop
      vertex 303.031 48.25 250
      vertex 896.969 48.25 250
      vertex 897.525 47.5251 250
    endloop
  endfacet
  facet normal 0 0 -1
    outer loop
      vertex 302.475 47.5251 250
      vertex 897.525 47.5251 250
      vertex 898.25 46.9689 250
    endloop
  endfacet
  facet normal 0 0 -1
    outer loop
      vertex 301.75 46.9689 250
      vertex 898.25 46.9689 250
      vertex 899.094 46.6193 250
    endloop
  endfacet
  facet normal 0 0 -1
    outer loop
      vertex 300.906 46.6193 250
      vertex 899.094 46.6193 250
      vertex 900 46.5 250
    endloop
  endfacet
  facet normal 0 0 -1
    outer loop
      vertex 0 0 250
      vertex 900 46.5 250
      vertex 2400 0 250
    endloop
  endfacet
  facet normal 0 0 -1
    outer loop
      vertex 896.619 49.0941 250
      vertex 303.381 49.0941 250
      vertex 303.5 50 250
    endloop
  endfacet
  facet normal 0 0 -1
    outer loop
      vertex 896.969 48.25 250
      vertex 303.031 48.25 250
      vertex 303.381 49.0941 250
    endloop
  endfacet
  facet normal 0 0 -1
    outer loop
      vertex 897.525 47.5251 250
      vertex 302.475 47.5251 250
      vertex 303.031 48.25 250
    endloop
  endfacet
  facet normal 0 0 -1
    outer loop
      vertex 898.25 46.9689 250
      vertex 301.75 46.9689 250
      vertex 302.475 47.5251 250
    endloop
  endfacet
  facet normal 0 0 -1
    outer loop
      vertex 899.094 46.6193 250
      vertex 300.906 46.6193 250
      vertex 301.75 46.9689 250
    endloop
  endfacet
  facet normal 0 0 -1
    outer loop
      vertex 900 46.5 250
      vertex 300 46.5 250
      vertex 300.906 46.6193 250
    endloop
  endfacet
  facet normal 0 0 -1
    outer loop
      vertex 296.619 49.0941 250
      vertex 100 100 250
      vertex 296.5 50 250
    endloop
  endfacet
  facet normal 0 0 -1
    outer loop
      vertex 296.969 48.25 250
      vertex 100 100 250
      vertex 296.619 49.0941 250
    endloop
  endfacet
  facet normal 0 0 -1
    outer loop
      vertex 297.525 47.5251 250
      vertex 100 100 250
      vertex 296.969 48.25 250
    endloop
  endfacet
  facet normal 0 0 -1
    outer loop
      vertex 0 0 250
      vertex 297.525 47.5251 250
      vertex 298.25 46.9689 250
    endloop
  endfacet
  facet normal 0 0 -1
    outer loop
      vertex 0 0 250
      vertex 298.25 46.9689 250
      vertex 299.094 46.6193 250
    endloop
  endfacet
  facet normal 0 0 -1
    outer loop
      vertex 53.3807 200.906 250
      vertex 100 100 250
      vertex 53.5 200 250
    endloop
  endfacet
  facet normal 0 0 -1
    outer loop
      vertex 100 100 250
      vertex 53.3807 199.094 250
      vertex 53.5 200 250
    endloop
  endfacet
  facet normal 0 0 -1
    outer loop
      vertex 100 100 250
      vertex 53.0311 198.25 250
      vertex 53.3807 199.094 250
    endloop
  endfacet
  facet normal 0 0 -1
    outer loop
      vertex 100 100 250
      vertex 52.4749 197.525 250
      vertex 53.0311 198.25 250
    endloop
  endfacet
  facet normal 0 0 -1
    outer loop
      vertex 100 100 250
      vertex 51.75 196.969 250
      vertex 52.4749 197.525 250
    endloop
  endfacet
  facet normal 0 0 -1
    outer loop
      vertex 100 100 250
      vertex 50.9059 196.619 250
      vertex 51.75 196.969 250
    endloop
  endfacet
  facet normal 0 0 -1
    outer loop
      vertex 100 100 250
      vertex 50 196.5 250
      vertex 50.9059 196.619 250
    endloop
  endfacet
  facet normal 0 0 -1
    outer loop
      vertex 100 100 250
      vertex 49.0941 196.619 250
      vertex 50 196.5 250
    endloop
  endfacet
  facet normal 0 0 -1
    outer loop
      vertex 100 100 250
      vertex 48.25 196.969 250
      vertex 49.0941 196.619 250
    endloop
  endfacet
  facet normal 0 0 -1
    outer loop
      vertex 0 0 250
      vertex 48.25 196.969 250
      vertex 100 100 250
    endloop
  endfacet
  facet normal -0 0 -1
    outer loop
      vertex 48.25 196.969 250
      vertex 0 0 250
      vertex 47.5251 197.525 250
    endloop
  endfacet
  facet normal -0 0 -1
    outer loop
      vertex 46.6193 599.094 250
      vertex 0 0 250
      vertex 46.5 600 250
    endloop
  endfacet
  facet normal 0 0 -1
    outer loop
      vertex 0 1200 250
      vertex 46.5 600 250
      vertex 0 0 250
    endloop
  endfacet
  facet normal -0 0 -1
    outer loop
      vertex 46.6193 199.094 250
      vertex 0 0 250
      vertex 46.5 200 250
    endloop
  endfacet
  facet normal -0 0 -1
    outer loop
      vertex 46.9689 198.25 250
      vertex 0 0 250
      vertex 46.6193 199.094 250
    endloop
  endfacet
  facet normal -0 0 -1
    outer loop
      vertex 47.5251 197.525 250
      vertex 0 0 250
      vertex 46.9689 198.25 250
    endloop
  endfacet
  facet normal -0 0 -1
    outer loop
      vertex 297.525 47.5251 250
      vertex 0 0 250
      vertex 100 100 250
    endloop
  endfacet
  facet normal -0 0 -1
    outer loop
      vertex 300 46.5 250
      vertex 0 0 250
      vertex 299.094 46.6193 250
    endloop
  endfacet
  facet normal -0 0 -1
    outer loop
      vertex 900 46.5 250
      vertex 0 0 250
      vertex 300 46.5 250
    endloop
  endfacet
  facet normal 0 0 -1
    outer loop
      vertex 2400 0 250
      vertex 2353.5 600 250
      vertex 2400 1200 250
    endloop
  endfacet
  facet normal 0 0 -1
    outer loop
      vertex 2353.38 600.906 250
      vertex 2400 1200 250
      vertex 2353.5 600 250
    endloop
  endfacet
  facet normal 0 0 -1
    outer loop
      vertex 2353.38 1000.91 250
      vertex 2400 1200 250
      vertex 2353.5 1000 250
    endloop
  endfacet
  facet normal 0 0 -1
    outer loop
      vertex 2353.03 1001.75 250
      vertex 2400 1200 250
      vertex 2353.38 1000.91 250
    endloop
  endfacet
  facet normal 0 0 -1
    outer loop
      vertex 2352.47 1002.47 250
      vertex 2400 1200 250
      vertex 2353.03 1001.75 250
    endloop
  endfacet
  facet normal 0 0 -1
    outer loop
      vertex 2351.75 1003.03 250
      vertex 2400 1200 250
      vertex 2352.47 1002.47 250
    endloop
  endfacet
  facet normal 0 0 -1
    outer loop
      vertex 2300 1100 250
      vertex 2351.75 1003.03 250
      vertex 2350.91 1003.38 250
    endloop
  endfacet
  facet normal 0 0 -1
    outer loop
      vertex 2300 1100 250
      vertex 2350.91 1003.38 250
      vertex 2350 1003.5 250
    endloop
  endfacet
  facet normal 0 0 -1
    outer loop
      vertex 2300 1100 250
      vertex 2350 1003.5 250
      vertex 2349.09 1003.38 250
    endloop
  endfacet
  facet normal 0 0 -1
    outer loop
      vertex 2300 1100 250
      vertex 2349.09 1003.38 250
      vertex 2348.25 1003.03 250
    endloop
  endfacet
  facet normal 0 0 -1
    outer loop
      vertex 2300 1100 250
      vertex 2348.25 1003.03 250
      vertex 2347.53 1002.47 250
    endloop
  endfacet
  facet normal 0 0 -1
    outer loop
      vertex 2300 1100 250
      vertex 2347.53 1002.47 250
      vertex 2346.97 1001.75 250
    endloop
  endfacet
  facet normal 0 0 -1
    outer loop
      vertex 2300 1100 250
      vertex 2346.97 1001.75 250
      vertex 2346.62 1000.91 250
    endloop
  endfacet
  facet normal 0 0 -1
    outer loop
      vertex 2346.62 999.094 250
      vertex 2300 1100 250
      vertex 2346.5 1000 250
    endloop
  endfacet
  facet normal 0 0 -1
    outer loop
      vertex 2300 1100 250
      vertex 2346.62 1000.91 250
      vertex 2346.5 1000 250
    endloop
  endfacet
  facet normal 0 0 -1
    outer loop
      vertex 2351.75 1003.03 250
      vertex 2300 1100 250
      vertex 2400 1200 250
    endloop
  endfacet
  facet normal 0 0 -1
    outer loop
      vertex 2103.38 1150.91 250
      vertex 2300 1100 250
      vertex 2103.5 1150 250
    endloop
  endfacet
  facet normal 0 0 -1
    outer loop
      vertex 2103.03 1151.75 250
      vertex 2300 1100 250
      vertex 2103.38 1150.91 250
    endloop
  endfacet
  facet normal 0 0 -1
    outer loop
      vertex 2102.47 1152.47 250
      vertex 2300 1100 250
      vertex 2103.03 1151.75 250
    endloop
  endfacet
  facet normal 0 0 -1
    outer loop
      vertex 2300 1100 250
      vertex 2102.47 1152.47 250
      vertex 2400 1200 250
    endloop
  endfacet
  facet normal 0 0 -1
    outer loop
      vertex 2101.75 1153.03 250
      vertex 2400 1200 250
      vertex 2102.47 1152.47 250
    endloop
  endfacet
  facet normal 0 0 -1
    outer loop
      vertex 2100.91 1153.38 250
      vertex 2400 1200 250
      vertex 2101.75 1153.03 250
    endloop
  endfacet
  facet normal 0 0 -1
    outer loop
      vertex 2100 1153.5 250
      vertex 2400 1200 250
      vertex 2100.91 1153.38 250
    endloop
  endfacet
  facet normal 0 0 -1
    outer loop
      vertex 1500 1153.5 250
      vertex 2100 1153.5 250
      vertex 2099.09 1153.38 250
    endloop
  endfacet
  facet normal 0 0 -1
    outer loop
      vertex 1503.5 1150 250
      vertex 2096.62 1150.91 250
      vertex 2096.5 1150 250
    endloop
  endfacet
  facet normal 0 0 -1
    outer loop
      vertex 1503.38 1150.91 250
      vertex 2096.62 1150.91 250
      vertex 1503.5 1150 250
    endloop
  endfacet
  facet normal 0 0 -1
    outer loop
      vertex 2096.62 1150.91 250
      vertex 1503.38 1150.91 250
      vertex 2096.97 1151.75 250
    endloop
  endfacet
  facet normal 0 0 -1
    outer loop
      vertex 1503.03 1151.75 250
      vertex 2096.97 1151.75 250
      vertex 1503.38 1150.91 250
    endloop
  endfacet
  facet normal 0 0 -1
    outer loop
      vertex 2096.97 1151.75 250
      vertex 1503.03 1151.75 250
      vertex 2097.53 1152.47 250
    endloop
  endfacet
  facet normal 0 0 -1
    outer loop
      vertex 1502.47 1152.47 250
      vertex 2097.53 1152.47 250
      vertex 1503.03 1151.75 250
    endloop
  endfacet
  facet normal 0 0 -1
    outer loop
      vertex 2097.53 1152.47 250
      vertex 1502.47 1152.47 250
      vertex 2098.25 1153.03 250
    endloop
  endfacet
  facet normal 0 0 -1
    outer loop
      vertex 1501.75 1153.03 250
      vertex 2098.25 1153.03 250
      vertex 1502.47 1152.47 250
    endloop
  endfacet
  facet normal 0 0 -1
    outer loop
      vertex 2098.25 1153.03 250
      vertex 1501.75 1153.03 250
      vertex 2099.09 1153.38 250
    endloop
  endfacet
  facet normal 0 0 -1
    outer loop
      vertex 1500.91 1153.38 250
      vertex 2099.09 1153.38 250
      vertex 1501.75 1153.03 250
    endloop
  endfacet
  facet normal 0 0 -1
    outer loop
      vertex 1500 1153.5 250
      vertex 2099.09 1153.38 250
      vertex 1500.91 1153.38 250
    endloop
  endfacet
  facet normal 0 0 -1
    outer loop
      vertex 2100 1153.5 250
      vertex 1500 1153.5 250
      vertex 2400 1200 250
    endloop
  endfacet
  facet normal 0 0 -1
    outer loop
      vertex 903.5 1150 250
      vertex 1496.62 1150.91 250
      vertex 1496.5 1150 250
    endloop
  endfacet
  facet normal 0 0 -1
    outer loop
      vertex 903.381 1150.91 250
      vertex 1496.62 1150.91 250
      vertex 903.5 1150 250
    endloop
  endfacet
  facet normal 0 0 -1
    outer loop
      vertex 1496.62 1150.91 250
      vertex 903.381 1150.91 250
      vertex 1496.97 1151.75 250
    endloop
  endfacet
  facet normal 0 0 -1
    outer loop
      vertex 903.031 1151.75 250
      vertex 1496.97 1151.75 250
      vertex 903.381 1150.91 250
    endloop
  endfacet
  facet normal 0 0 -1
    outer loop
      vertex 1496.97 1151.75 250
      vertex 903.031 1151.75 250
      vertex 1497.53 1152.47 250
    endloop
  endfacet
  facet normal 0 0 -1
    outer loop
      vertex 902.475 1152.47 250
      vertex 1497.53 1152.47 250
      vertex 903.031 1151.75 250
    endloop
  endfacet
  facet normal 0 0 -1
    outer loop
      vertex 1497.53 1152.47 250
      vertex 902.475 1152.47 250
      vertex 1498.25 1153.03 250
    endloop
  endfacet
  facet normal 0 0 -1
    outer loop
      vertex 901.75 1153.03 250
      vertex 1498.25 1153.03 250
      vertex 902.475 1152.47 250
    endloop
  endfacet
  facet normal 0 0 -1
    outer loop
      vertex 1498.25 1153.03 250
      vertex 901.75 1153.03 250
      vertex 1499.09 1153.38 250
    endloop
  endfacet
  facet normal 0 0 -1
    outer loop
      vertex 900.906 1153.38 250
      vertex 1499.09 1153.38 250
      vertex 901.75 1153.03 250
    endloop
  endfacet
  facet normal 0 0 -1
    outer loop
      vertex 1499.09 1153.38 250
      vertex 900.906 1153.38 250
      vertex 1500 1153.5 250
    endloop
  endfacet
  facet normal 0 0 -1
    outer loop
      vertex 900 1153.5 250
      vertex 1500 1153.5 250
      vertex 900.906 1153.38 250
    endloop
  endfacet
  facet normal 0 0 -1
    outer loop
      vertex 1500 1153.5 250
      vertex 900 1153.5 250
      vertex 2400 1200 250
    endloop
  endfacet
  facet normal 0 0 -1
    outer loop
      vertex 303.5 1150 250
      vertex 896.619 1150.91 250
      vertex 896.5 1150 250
    endloop
  endfacet
  facet normal 0 0 -1
    outer loop
      vertex 303.381 1150.91 250
      vertex 896.619 1150.91 250
      vertex 303.5 1150 250
    endloop
  endfacet
  facet normal 0 0 -1
    outer loop
      vertex 896.619 1150.91 250
      vertex 303.381 1150.91 250
      vertex 896.969 1151.75 250
    endloop
  endfacet
  facet normal 0 0 -1
    outer loop
      vertex 303.031 1151.75 250
      vertex 896.969 1151.75 250
      vertex 303.381 1150.91 250
    endloop
  endfacet
  facet normal 0 0 -1
    outer loop
      vertex 896.969 1151.75 250
      vertex 303.031 1151.75 250
      vertex 897.525 1152.47 250
    endloop
  endfacet
  facet normal 0 0 -1
    outer loop
      vertex 302.475 1152.47 250
      vertex 897.525 1152.47 250
      vertex 303.031 1151.75 250
    endloop
  endfacet
  facet normal 0 0 -1
    outer loop
      vertex 897.525 1152.47 250
      vertex 302.475 1152.47 250
      vertex 898.25 1153.03 250
    endloop
  endfacet
  facet normal 0 0 -1
    outer loop
      vertex 301.75 1153.03 250
      vertex 898.25 1153.03 250
      vertex 302.475 1152.47 250
    endloop
  endfacet
  facet normal 0 0 -1
    outer loop
      vertex 898.25 1153.03 250
      vertex 301.75 1153.03 250
      vertex 899.094 1153.38 250
    endloop
  endfacet
  facet normal 0 0 -1
    outer loop
      vertex 300.906 1153.38 250
      vertex 899.094 1153.38 250
      vertex 301.75 1153.03 250
    endloop
  endfacet
  facet normal 0 0 -1
    outer loop
      vertex 899.094 1153.38 250
      vertex 300.906 1153.38 250
      vertex 900 1153.5 250
    endloop
  endfacet
  facet normal 0 0 -1
    outer loop
      vertex 300 1153.5 250
      vertex 900 1153.5 250
      vertex 300.906 1153.38 250
    endloop
  endfacet
  facet normal 0 0 -1
    outer loop
      vertex 0 1200 250
      vertex 900 1153.5 250
      vertex 300 1153.5 250
    endloop
  endfacet
  facet normal 0 0 -1
    outer loop
      vertex 100 1100 250
      vertex 296.619 1150.91 250
      vertex 296.5 1150 250
    endloop
  endfacet
  facet normal 0 0 -1
    outer loop
      vertex 100 1100 250
      vertex 296.969 1151.75 250
      vertex 296.619 1150.91 250
    endloop
  endfacet
  facet normal 0 0 -1
    outer loop
      vertex 100 1100 250
      vertex 297.525 1152.47 250
      vertex 296.969 1151.75 250
    endloop
  endfacet
  facet normal 0 0 -1
    outer loop
      vertex 0 1200 250
      vertex 297.525 1152.47 250
      vertex 100 1100 250
    endloop
  endfacet
  facet normal 0 0 -1
    outer loop
      vertex 297.525 1152.47 250
      vertex 0 1200 250
      vertex 298.25 1153.03 250
    endloop
  endfacet
  facet normal 0 0 -1
    outer loop
      vertex 100 100 250
      vertex 53.5 600 250
      vertex 100 1100 250
    endloop
  endfacet
  facet normal 0 0 -1
    outer loop
      vertex 53.3807 600.906 250
      vertex 100 1100 250
      vertex 53.5 600 250
    endloop
  endfacet
  facet normal 0 0 -1
    outer loop
      vertex 53.3807 1000.91 250
      vertex 100 1100 250
      vertex 53.5 1000 250
    endloop
  endfacet
  facet normal 0 0 -1
    outer loop
      vertex 53.0311 1001.75 250
      vertex 100 1100 250
      vertex 53.3807 1000.91 250
    endloop
  endfacet
  facet normal 0 0 -1
    outer loop
      vertex 52.4749 1002.47 250
      vertex 100 1100 250
      vertex 53.0311 1001.75 250
    endloop
  endfacet
  facet normal 0 0 -1
    outer loop
      vertex 51.75 1003.03 250
      vertex 100 1100 250
      vertex 52.4749 1002.47 250
    endloop
  endfacet
  facet normal 0 0 -1
    outer loop
      vertex 50.9059 1003.38 250
      vertex 100 1100 250
      vertex 51.75 1003.03 250
    endloop
  endfacet
  facet normal 0 0 -1
    outer loop
      vertex 50 1003.5 250
      vertex 100 1100 250
      vertex 50.9059 1003.38 250
    endloop
  endfacet
  facet normal 0 0 -1
    outer loop
      vertex 49.0941 1003.38 250
      vertex 100 1100 250
      vertex 50 1003.5 250
    endloop
  endfacet
  facet normal 0 0 -1
    outer loop
      vertex 48.25 1003.03 250
      vertex 100 1100 250
      vertex 49.0941 1003.38 250
    endloop
  endfacet
  facet normal 0 0 -1
    outer loop
      vertex 0 1200 250
      vertex 48.25 1003.03 250
      vertex 47.5251 1002.47 250
    endloop
  endfacet
  facet normal 0 0 -1
    outer loop
      vertex 0 1200 250
      vertex 47.5251 1002.47 250
      vertex 46.9689 1001.75 250
    endloop
  endfacet
  facet normal 0 0 -1
    outer loop
      vertex 900 1153.5 250
      vertex 0 1200 250
      vertex 2400 1200 250
    endloop
  endfacet
  facet normal 0 0 -1
    outer loop
      vertex 299.094 1153.38 250
      vertex 0 1200 250
      vertex 300 1153.5 250
    endloop
  endfacet
  facet normal 0 0 -1
    outer loop
      vertex 298.25 1153.03 250
      vertex 0 1200 250
      vertex 299.094 1153.38 250
    endloop
  endfacet
  facet normal 0 0 -1
    outer loop
      vertex 48.25 1003.03 250
      vertex 0 1200 250
      vertex 100 1100 250
    endloop
  endfacet
  facet normal 0 0 -1
    outer loop
      vertex 46.6193 1000.91 250
      vertex 0 1200 250
      vertex 46.9689 1001.75 250
    endloop
  endfacet
  facet normal 0 0 -1
    outer loop
      vertex 46.5 1000 250
      vertex 0 1200 250
      vertex 46.6193 1000.91 250
    endloop
  endfacet
  facet normal 0 0 -1
    outer loop
      vertex 46.6193 999.094 250
      vertex 0 1200 250
      vertex 46.5 1000 250
    endloop
  endfacet
  facet normal 0 0 -1
    outer loop
      vertex 2103.38 50.9059 250
      vertex 2300 100 250
      vertex 2103.5 50 250
    endloop
  endfacet
  facet normal 0 0 -1
    outer loop
      vertex 2103.03 51.75 250
      vertex 2300 100 250
      vertex 2103.38 50.9059 250
    endloop
  endfacet
  facet normal 0 0 -1
    outer loop
      vertex 2102.47 52.4749 250
      vertex 2300 100 250
      vertex 2103.03 51.75 250
    endloop
  endfacet
  facet normal 0 0 -1
    outer loop
      vertex 2101.75 53.0311 250
      vertex 2300 100 250
      vertex 2102.47 52.4749 250
    endloop
  endfacet
  facet normal 0 0 -1
    outer loop
      vertex 2100.91 53.3807 250
      vertex 2300 100 250
      vertex 2101.75 53.0311 250
    endloop
  endfacet
  facet normal 0 0 -1
    outer loop
      vertex 2100 53.5 250
      vertex 2300 100 250
      vertex 2100.91 53.3807 250
    endloop
  endfacet
  facet normal 0 0 -1
    outer loop
      vertex 2099.09 53.3807 250
      vertex 2300 100 250
      vertex 2100 53.5 250
    endloop
  endfacet
  facet normal 0 0 -1
    outer loop
      vertex 1503.5 50 250
      vertex 2096.62 50.9059 250
      vertex 2096.5 50 250
    endloop
  endfacet
  facet normal 0 0 -1
    outer loop
      vertex 1503.38 50.9059 250
      vertex 2096.62 50.9059 250
      vertex 1503.5 50 250
    endloop
  endfacet
  facet normal 0 0 -1
    outer loop
      vertex 2096.62 50.9059 250
      vertex 1503.38 50.9059 250
      vertex 2096.97 51.75 250
    endloop
  endfacet
  facet normal 0 0 -1
    outer loop
      vertex 1503.03 51.75 250
      vertex 2096.97 51.75 250
      vertex 1503.38 50.9059 250
    endloop
  endfacet
  facet normal 0 0 -1
    outer loop
      vertex 2096.97 51.75 250
      vertex 1503.03 51.75 250
      vertex 2097.53 52.4749 250
    endloop
  endfacet
  facet normal 0 0 -1
    outer loop
      vertex 1502.47 52.4749 250
      vertex 2097.53 52.4749 250
      vertex 1503.03 51.75 250
    endloop
  endfacet
  facet normal 0 0 -1
    outer loop
      vertex 2097.53 52.4749 250
      vertex 1502.47 52.4749 250
      vertex 2098.25 53.0311 250
    endloop
  endfacet
  facet normal 0 0 -1
    outer loop
      vertex 1501.75 53.0311 250
      vertex 2098.25 53.0311 250
      vertex 1502.47 52.4749 250
    endloop
  endfacet
  facet normal 0 0 -1
    outer loop
      vertex 2098.25 53.0311 250
      vertex 1501.75 53.0311 250
      vertex 2099.09 53.3807 250
    endloop
  endfacet
  facet normal 0 0 -1
    outer loop
      vertex 1500.91 53.3807 250
      vertex 2099.09 53.3807 250
      vertex 1501.75 53.0311 250
    endloop
  endfacet
  facet normal 0 0 -1
    outer loop
      vertex 2099.09 53.3807 250
      vertex 1500.91 53.3807 250
      vertex 2300 100 250
    endloop
  endfacet
  facet normal 0 0 -1
    outer loop
      vertex 1500 53.5 250
      vertex 2300 100 250
      vertex 1500.91 53.3807 250
    endloop
  endfacet
  facet normal 0 0 -1
    outer loop
      vertex 903.5 50 250
      vertex 1496.62 50.9059 250
      vertex 1496.5 50 250
    endloop
  endfacet
  facet normal 0 0 -1
    outer loop
      vertex 903.381 50.9059 250
      vertex 1496.62 50.9059 250
      vertex 903.5 50 250
    endloop
  endfacet
  facet normal 0 0 -1
    outer loop
      vertex 1496.62 50.9059 250
      vertex 903.381 50.9059 250
      vertex 1496.97 51.75 250
    endloop
  endfacet
  facet normal 0 0 -1
    outer loop
      vertex 903.031 51.75 250
      vertex 1496.97 51.75 250
      vertex 903.381 50.9059 250
    endloop
  endfacet
  facet normal 0 0 -1
    outer loop
      vertex 1496.97 51.75 250
      vertex 903.031 51.75 250
      vertex 1497.53 52.4749 250
    endloop
  endfacet
  facet normal 0 0 -1
    outer loop
      vertex 902.475 52.4749 250
      vertex 1497.53 52.4749 250
      vertex 903.031 51.75 250
    endloop
  endfacet
  facet normal 0 0 -1
    outer loop
      vertex 1497.53 52.4749 250
      vertex 902.475 52.4749 250
      vertex 1498.25 53.0311 250
    endloop
  endfacet
  facet normal 0 0 -1
    outer loop
      vertex 901.75 53.0311 250
      vertex 1498.25 53.0311 250
      vertex 902.475 52.4749 250
    endloop
  endfacet
  facet normal 0 0 -1
    outer loop
      vertex 1498.25 53.0311 250
      vertex 901.75 53.0311 250
      vertex 1499.09 53.3807 250
    endloop
  endfacet
  facet normal 0 0 -1
    outer loop
      vertex 900.906 53.3807 250
      vertex 1499.09 53.3807 250
      vertex 901.75 53.0311 250
    endloop
  endfacet
  facet normal 0 0 -1
    outer loop
      vertex 1499.09 53.3807 250
      vertex 900.906 53.3807 250
      vertex 1500 53.5 250
    endloop
  endfacet
  facet normal 0 0 -1
    outer loop
      vertex 900 53.5 250
      vertex 1500 53.5 250
      vertex 900.906 53.3807 250
    endloop
  endfacet
  facet normal 0 0 -1
    outer loop
      vertex 1500 53.5 250
      vertex 900 53.5 250
      vertex 2300 100 250
    endloop
  endfacet
  facet normal 0 0 -1
    outer loop
      vertex 303.5 50 250
      vertex 896.619 50.9059 250
      vertex 896.5 50 250
    endloop
  endfacet
  facet normal 0 0 -1
    outer loop
      vertex 303.381 50.9059 250
      vertex 896.619 50.9059 250
      vertex 303.5 50 250
    endloop
  endfacet
  facet normal 0 0 -1
    outer loop
      vertex 896.619 50.9059 250
      vertex 303.381 50.9059 250
      vertex 896.969 51.75 250
    endloop
  endfacet
  facet normal 0 0 -1
    outer loop
      vertex 303.031 51.75 250
      vertex 896.969 51.75 250
      vertex 303.381 50.9059 250
    endloop
  endfacet
  facet normal 0 0 -1
    outer loop
      vertex 896.969 51.75 250
      vertex 303.031 51.75 250
      vertex 897.525 52.4749 250
    endloop
  endfacet
  facet normal 0 0 -1
    outer loop
      vertex 302.475 52.4749 250
      vertex 897.525 52.4749 250
      vertex 303.031 51.75 250
    endloop
  endfacet
  facet normal 0 0 -1
    outer loop
      vertex 897.525 52.4749 250
      vertex 302.475 52.4749 250
      vertex 898.25 53.0311 250
    endloop
  endfacet
  facet normal 0 0 -1
    outer loop
      vertex 301.75 53.0311 250
      vertex 898.25 53.0311 250
      vertex 302.475 52.4749 250
    endloop
  endfacet
  facet normal 0 0 -1
    outer loop
      vertex 898.25 53.0311 250
      vertex 301.75 53.0311 250
      vertex 899.094 53.3807 250
    endloop
  endfacet
  facet normal 0 0 -1
    outer loop
      vertex 300.906 53.3807 250
      vertex 899.094 53.3807 250
      vertex 301.75 53.0311 250
    endloop
  endfacet
  facet normal 0 0 -1
    outer loop
      vertex 100 100 250
      vertex 899.094 53.3807 250
      vertex 300.906 53.3807 250
    endloop
  endfacet
  facet normal 0 0 -1
    outer loop
      vertex 899.094 53.3807 250
      vertex 100 100 250
      vertex 900 53.5 250
    endloop
  endfacet
  facet normal 0 0 -1
    outer loop
      vertex 100 100 250
      vertex 300.906 53.3807 250
      vertex 300 53.5 250
    endloop
  endfacet
  facet normal 0 0 -1
    outer loop
      vertex 900 53.5 250
      vertex 100 100 250
      vertex 2300 100 250
    endloop
  endfacet
  facet normal 0 0 -1
    outer loop
      vertex 299.094 53.3807 250
      vertex 100 100 250
      vertex 300 53.5 250
    endloop
  endfacet
  facet normal 0 0 -1
    outer loop
      vertex 298.25 53.0311 250
      vertex 100 100 250
      vertex 299.094 53.3807 250
    endloop
  endfacet
  facet normal 0 0 -1
    outer loop
      vertex 297.525 52.4749 250
      vertex 100 100 250
      vertex 298.25 53.0311 250
    endloop
  endfacet
  facet normal 0 0 -1
    outer loop
      vertex 296.969 51.75 250
      vertex 100 100 250
      vertex 297.525 52.4749 250
    endloop
  endfacet
  facet normal 0 0 -1
    outer loop
      vertex 296.619 50.9059 250
      vertex 100 100 250
      vertex 296.969 51.75 250
    endloop
  endfacet
  facet normal 0 0 -1
    outer loop
      vertex 100 100 250
      vertex 296.619 50.9059 250
      vertex 296.5 50 250
    endloop
  endfacet
  facet normal 0 -1 0
    outer loop
      vertex 0 0 250
      vertex 2400 0 450
      vertex 0 0 450
    endloop
  endfacet
  facet normal 0 -1 -0
    outer loop
      vertex 2400 0 450
      vertex 0 0 250
      vertex 2400 0 250
    endloop
  endfacet
  facet normal 0 1 -0
    outer loop
      vertex 2400 1200 250
      vertex 0 1200 450
      vertex 2400 1200 450
    endloop
  endfacet
  facet normal 0 1 0
    outer loop
      vertex 0 1200 450
      vertex 2400 1200 250
      vertex 0 1200 250
    endloop
  endfacet
  facet normal 0 -1 0
    outer loop
      vertex 100 1100 250
      vertex 2300 1100 450
      vertex 100 1100 450
    endloop
  endfacet
  facet normal 0 -1 -0
    outer loop
      vertex 2300 1100 450
      vertex 100 1100 250
      vertex 2300 1100 250
    endloop
  endfacet
  facet normal -1 0 0
    outer loop
      vertex 0 0 250
      vertex 0 1200 450
      vertex 0 1200 250
    endloop
  endfacet
  facet normal -1 -0 0
    outer loop
      vertex 0 1200 450
      vertex 0 0 250
      vertex 0 0 450
    endloop
  endfacet
  facet normal 1 -0 0
    outer loop
      vertex 2400 0 450
      vertex 2400 1200 250
      vertex 2400 1200 450
    endloop
  endfacet
  facet normal 1 0 0
    outer loop
      vertex 2400 1200 250
      vertex 2400 0 450
      vertex 2400 0 250
    endloop
  endfacet
  facet normal 0.991342 -0.131304 0
    outer loop
      vertex 2353.38 199.094 250
      vertex 2353.5 200 200
      vertex 2353.5 200 250
    endloop
  endfacet
  facet normal 0.991342 -0.131304 0
    outer loop
      vertex 2353.5 200 200
      vertex 2353.38 199.094 250
      vertex 2353.38 199.094 200
    endloop
  endfacet
  facet normal 0.923723 -0.383061 0
    outer loop
      vertex 2353.03 198.25 250
      vertex 2353.38 199.094 200
      vertex 2353.38 199.094 250
    endloop
  endfacet
  facet normal 0.923723 -0.383061 0
    outer loop
      vertex 2353.38 199.094 200
      vertex 2353.03 198.25 250
      vertex 2353.03 198.25 200
    endloop
  endfacet
  facet normal -0.129665 -0.991558 0
    outer loop
      vertex 2349.09 196.619 200
      vertex 2350 196.5 250
      vertex 2349.09 196.619 250
    endloop
  endfacet
  facet normal -0.129665 -0.991558 -0
    outer loop
      vertex 2350 196.5 250
      vertex 2349.09 196.619 200
      vertex 2350 196.5 200
    endloop
  endfacet
  facet normal 0.384615 0.923077 -0
    outer loop
      vertex 2351.75 203.031 200
      vertex 2350.91 203.381 250
      vertex 2351.75 203.031 250
    endloop
  endfacet
  facet normal 0.384615 0.923077 0
    outer loop
      vertex 2350.91 203.381 250
      vertex 2351.75 203.031 200
      vertex 2350.91 203.381 200
    endloop
  endfacet
  facet normal 0.611197 -0.791478 0
    outer loop
      vertex 2351.75 196.969 200
      vertex 2352.47 197.525 250
      vertex 2351.75 196.969 250
    endloop
  endfacet
  facet normal 0.611197 -0.791478 0
    outer loop
      vertex 2352.47 197.525 250
      vertex 2351.75 196.969 200
      vertex 2352.47 197.525 200
    endloop
  endfacet
  facet normal -0.791405 -0.611292 0
    outer loop
      vertex 2347.53 197.525 200
      vertex 2346.97 198.25 250
      vertex 2346.97 198.25 200
    endloop
  endfacet
  facet normal -0.791405 -0.611292 0
    outer loop
      vertex 2346.97 198.25 250
      vertex 2347.53 197.525 200
      vertex 2347.53 197.525 250
    endloop
  endfacet
  facet normal -0.611197 -0.791478 0
    outer loop
      vertex 2347.53 197.525 200
      vertex 2348.25 196.969 250
      vertex 2347.53 197.525 250
    endloop
  endfacet
  facet normal -0.611197 -0.791478 -0
    outer loop
      vertex 2348.25 196.969 250
      vertex 2347.53 197.525 200
      vertex 2348.25 196.969 200
    endloop
  endfacet
  facet normal 0.611197 0.791478 -0
    outer loop
      vertex 2352.47 202.475 200
      vertex 2351.75 203.031 250
      vertex 2352.47 202.475 250
    endloop
  endfacet
  facet normal 0.611197 0.791478 0
    outer loop
      vertex 2351.75 203.031 250
      vertex 2352.47 202.475 200
      vertex 2351.75 203.031 200
    endloop
  endfacet
  facet normal 0.791405 -0.611292 0
    outer loop
      vertex 2352.47 197.525 250
      vertex 2353.03 198.25 200
      vertex 2353.03 198.25 250
    endloop
  endfacet
  facet normal 0.791405 -0.611292 0
    outer loop
      vertex 2353.03 198.25 200
      vertex 2352.47 197.525 250
      vertex 2352.47 197.525 200
    endloop
  endfacet
  facet normal 0.384615 -0.923077 0
    outer loop
      vertex 2350.91 196.619 200
      vertex 2351.75 196.969 250
      vertex 2350.91 196.619 250
    endloop
  endfacet
  facet normal 0.384615 -0.923077 0
    outer loop
      vertex 2351.75 196.969 250
      vertex 2350.91 196.619 200
      vertex 2351.75 196.969 200
    endloop
  endfacet
  facet normal -0.923723 -0.383061 0
    outer loop
      vertex 2346.97 198.25 200
      vertex 2346.62 199.094 250
      vertex 2346.62 199.094 200
    endloop
  endfacet
  facet normal -0.923723 -0.383061 0
    outer loop
      vertex 2346.62 199.094 250
      vertex 2346.97 198.25 200
      vertex 2346.97 198.25 250
    endloop
  endfacet
  facet normal -0.384615 -0.923077 0
    outer loop
      vertex 2348.25 196.969 200
      vertex 2349.09 196.619 250
      vertex 2348.25 196.969 250
    endloop
  endfacet
  facet normal -0.384615 -0.923077 -0
    outer loop
      vertex 2349.09 196.619 250
      vertex 2348.25 196.969 200
      vertex 2349.09 196.619 200
    endloop
  endfacet
  facet normal -0.923723 0.383061 0
    outer loop
      vertex 2346.62 200.906 200
      vertex 2346.97 201.75 250
      vertex 2346.97 201.75 200
    endloop
  endfacet
  facet normal -0.923723 0.383061 0
    outer loop
      vertex 2346.97 201.75 250
      vertex 2346.62 200.906 200
      vertex 2346.62 200.906 250
    endloop
  endfacet
  facet normal 0.129665 0.991558 -0
    outer loop
      vertex 2350.91 203.381 200
      vertex 2350 203.5 250
      vertex 2350.91 203.381 250
    endloop
  endfacet
  facet normal 0.129665 0.991558 0
    outer loop
      vertex 2350 203.5 250
      vertex 2350.91 203.381 200
      vertex 2350 203.5 200
    endloop
  endfacet
  facet normal 0.129665 -0.991558 0
    outer loop
      vertex 2350 196.5 200
      vertex 2350.91 196.619 250
      vertex 2350 196.5 250
    endloop
  endfacet
  facet normal 0.129665 -0.991558 0
    outer loop
      vertex 2350.91 196.619 250
      vertex 2350 196.5 200
      vertex 2350.91 196.619 200
    endloop
  endfacet
  facet normal -0.991342 -0.131304 0
    outer loop
      vertex 2346.62 199.094 200
      vertex 2346.5 200 250
      vertex 2346.5 200 200
    endloop
  endfacet
  facet normal -0.991342 -0.131304 0
    outer loop
      vertex 2346.5 200 250
      vertex 2346.62 199.094 200
      vertex 2346.62 199.094 250
    endloop
  endfacet
  facet normal -0.991342 0.131304 0
    outer loop
      vertex 2346.5 200 200
      vertex 2346.62 200.906 250
      vertex 2346.62 200.906 200
    endloop
  endfacet
  facet normal -0.991342 0.131304 0
    outer loop
      vertex 2346.62 200.906 250
      vertex 2346.5 200 200
      vertex 2346.5 200 250
    endloop
  endfacet
  facet normal -0.611197 0.791478 0
    outer loop
      vertex 2348.25 203.031 200
      vertex 2347.53 202.475 250
      vertex 2348.25 203.031 250
    endloop
  endfacet
  facet normal -0.611197 0.791478 0
    outer loop
      vertex 2347.53 202.475 250
      vertex 2348.25 203.031 200
      vertex 2347.53 202.475 200
    endloop
  endfacet
  facet normal -0.129665 0.991558 0
    outer loop
      vertex 2350 203.5 200
      vertex 2349.09 203.381 250
      vertex 2350 203.5 250
    endloop
  endfacet
  facet normal -0.129665 0.991558 0
    outer loop
      vertex 2349.09 203.381 250
      vertex 2350 203.5 200
      vertex 2349.09 203.381 200
    endloop
  endfacet
  facet normal -0.791405 0.611292 0
    outer loop
      vertex 2346.97 201.75 200
      vertex 2347.53 202.475 250
      vertex 2347.53 202.475 200
    endloop
  endfacet
  facet normal -0.791405 0.611292 0
    outer loop
      vertex 2347.53 202.475 250
      vertex 2346.97 201.75 200
      vertex 2346.97 201.75 250
    endloop
  endfacet
  facet normal 0.923723 0.383061 0
    outer loop
      vertex 2353.38 200.906 250
      vertex 2353.03 201.75 200
      vertex 2353.03 201.75 250
    endloop
  endfacet
  facet normal 0.923723 0.383061 0
    outer loop
      vertex 2353.03 201.75 200
      vertex 2353.38 200.906 250
      vertex 2353.38 200.906 200
    endloop
  endfacet
  facet normal 0.991342 0.131304 0
    outer loop
      vertex 2353.5 200 250
      vertex 2353.38 200.906 200
      vertex 2353.38 200.906 250
    endloop
  endfacet
  facet normal 0.991342 0.131304 0
    outer loop
      vertex 2353.38 200.906 200
      vertex 2353.5 200 250
      vertex 2353.5 200 200
    endloop
  endfacet
  facet normal -0.384615 0.923077 0
    outer loop
      vertex 2349.09 203.381 200
      vertex 2348.25 203.031 250
      vertex 2349.09 203.381 250
    endloop
  endfacet
  facet normal -0.384615 0.923077 0
    outer loop
      vertex 2348.25 203.031 250
      vertex 2349.09 203.381 200
      vertex 2348.25 203.031 200
    endloop
  endfacet
  facet normal 0.791405 0.611292 0
    outer loop
      vertex 2353.03 201.75 250
      vertex 2352.47 202.475 200
      vertex 2352.47 202.475 250
    endloop
  endfacet
  facet normal 0.791405 0.611292 0
    outer loop
      vertex 2352.47 202.475 200
      vertex 2353.03 201.75 250
      vertex 2353.03 201.75 200
    endloop
  endfacet
  facet normal 0.991342 -0.131304 0
    outer loop
      vertex 2353.38 599.094 250
      vertex 2353.5 600 200
      vertex 2353.5 600 250
    endloop
  endfacet
  facet normal 0.991342 -0.131304 0
    outer loop
      vertex 2353.5 600 200
      vertex 2353.38 599.094 250
      vertex 2353.38 599.094 200
    endloop
  endfacet
  facet normal 0.923723 -0.383061 0
    outer loop
      vertex 2353.03 598.25 250
      vertex 2353.38 599.094 200
      vertex 2353.38 599.094 250
    endloop
  endfacet
  facet normal 0.923723 -0.383061 0
    outer loop
      vertex 2353.38 599.094 200
      vertex 2353.03 598.25 250
      vertex 2353.03 598.25 200
    endloop
  endfacet
  facet normal -0.129665 -0.991558 0
    outer loop
      vertex 2349.09 596.619 200
      vertex 2350 596.5 250
      vertex 2349.09 596.619 250
    endloop
  endfacet
  facet normal -0.129665 -0.991558 -0
    outer loop
      vertex 2350 596.5 250
      vertex 2349.09 596.619 200
      vertex 2350 596.5 200
    endloop
  endfacet
  facet normal 0.384615 0.923077 -0
    outer loop
      vertex 2351.75 603.031 200
      vertex 2350.91 603.381 250
      vertex 2351.75 603.031 250
    endloop
  endfacet
  facet normal 0.384615 0.923077 0
    outer loop
      vertex 2350.91 603.381 250
      vertex 2351.75 603.031 200
      vertex 2350.91 603.381 200
    endloop
  endfacet
  facet normal 0.611197 -0.791478 0
    outer loop
      vertex 2351.75 596.969 200
      vertex 2352.47 597.525 250
      vertex 2351.75 596.969 250
    endloop
  endfacet
  facet normal 0.611197 -0.791478 0
    outer loop
      vertex 2352.47 597.525 250
      vertex 2351.75 596.969 200
      vertex 2352.47 597.525 200
    endloop
  endfacet
  facet normal -0.791405 -0.611292 0
    outer loop
      vertex 2347.53 597.525 200
      vertex 2346.97 598.25 250
      vertex 2346.97 598.25 200
    endloop
  endfacet
  facet normal -0.791405 -0.611292 0
    outer loop
      vertex 2346.97 598.25 250
      vertex 2347.53 597.525 200
      vertex 2347.53 597.525 250
    endloop
  endfacet
  facet normal -0.611197 -0.791478 0
    outer loop
      vertex 2347.53 597.525 200
      vertex 2348.25 596.969 250
      vertex 2347.53 597.525 250
    endloop
  endfacet
  facet normal -0.611197 -0.791478 -0
    outer loop
      vertex 2348.25 596.969 250
      vertex 2347.53 597.525 200
      vertex 2348.25 596.969 200
    endloop
  endfacet
  facet normal 0.611197 0.791478 -0
    outer loop
      vertex 2352.47 602.475 200
      vertex 2351.75 603.031 250
      vertex 2352.47 602.475 250
    endloop
  endfacet
  facet normal 0.611197 0.791478 0
    outer loop
      vertex 2351.75 603.031 250
      vertex 2352.47 602.475 200
      vertex 2351.75 603.031 200
    endloop
  endfacet
  facet normal 0.791405 -0.611292 0
    outer loop
      vertex 2352.47 597.525 250
      vertex 2353.03 598.25 200
      vertex 2353.03 598.25 250
    endloop
  endfacet
  facet normal 0.791405 -0.611292 0
    outer loop
      vertex 2353.03 598.25 200
      vertex 2352.47 597.525 250
      vertex 2352.47 597.525 200
    endloop
  endfacet
  facet normal 0.384615 -0.923077 0
    outer loop
      vertex 2350.91 596.619 200
      vertex 2351.75 596.969 250
      vertex 2350.91 596.619 250
    endloop
  endfacet
  facet normal 0.384615 -0.923077 0
    outer loop
      vertex 2351.75 596.969 250
      vertex 2350.91 596.619 200
      vertex 2351.75 596.969 200
    endloop
  endfacet
  facet normal -0.923723 -0.383061 0
    outer loop
      vertex 2346.97 598.25 200
      vertex 2346.62 599.094 250
      vertex 2346.62 599.094 200
    endloop
  endfacet
  facet normal -0.923723 -0.383061 0
    outer loop
      vertex 2346.62 599.094 250
      vertex 2346.97 598.25 200
      vertex 2346.97 598.25 250
    endloop
  endfacet
  facet normal -0.384615 -0.923077 0
    outer loop
      vertex 2348.25 596.969 200
      vertex 2349.09 596.619 250
      vertex 2348.25 596.969 250
    endloop
  endfacet
  facet normal -0.384615 -0.923077 -0
    outer loop
      vertex 2349.09 596.619 250
      vertex 2348.25 596.969 200
      vertex 2349.09 596.619 200
    endloop
  endfacet
  facet normal -0.923723 0.383061 0
    outer loop
      vertex 2346.62 600.906 200
      vertex 2346.97 601.75 250
      vertex 2346.97 601.75 200
    endloop
  endfacet
  facet normal -0.923723 0.383061 0
    outer loop
      vertex 2346.97 601.75 250
      vertex 2346.62 600.906 200
      vertex 2346.62 600.906 250
    endloop
  endfacet
  facet normal 0.129665 0.991558 -0
    outer loop
      vertex 2350.91 603.381 200
      vertex 2350 603.5 250
      vertex 2350.91 603.381 250
    endloop
  endfacet
  facet normal 0.129665 0.991558 0
    outer loop
      vertex 2350 603.5 250
      vertex 2350.91 603.381 200
      vertex 2350 603.5 200
    endloop
  endfacet
  facet normal 0.129665 -0.991558 0
    outer loop
      vertex 2350 596.5 200
      vertex 2350.91 596.619 250
      vertex 2350 596.5 250
    endloop
  endfacet
  facet normal 0.129665 -0.991558 0
    outer loop
      vertex 2350.91 596.619 250
      vertex 2350 596.5 200
      vertex 2350.91 596.619 200
    endloop
  endfacet
  facet normal -0.991342 -0.131304 0
    outer loop
      vertex 2346.62 599.094 200
      vertex 2346.5 600 250
      vertex 2346.5 600 200
    endloop
  endfacet
  facet normal -0.991342 -0.131304 0
    outer loop
      vertex 2346.5 600 250
      vertex 2346.62 599.094 200
      vertex 2346.62 599.094 250
    endloop
  endfacet
  facet normal -0.991342 0.131304 0
    outer loop
      vertex 2346.5 600 200
      vertex 2346.62 600.906 250
      vertex 2346.62 600.906 200
    endloop
  endfacet
  facet normal -0.991342 0.131304 0
    outer loop
      vertex 2346.62 600.906 250
      vertex 2346.5 600 200
      vertex 2346.5 600 250
    endloop
  endfacet
  facet normal -0.611197 0.791478 0
    outer loop
      vertex 2348.25 603.031 200
      vertex 2347.53 602.475 250
      vertex 2348.25 603.031 250
    endloop
  endfacet
  facet normal -0.611197 0.791478 0
    outer loop
      vertex 2347.53 602.475 250
      vertex 2348.25 603.031 200
      vertex 2347.53 602.475 200
    endloop
  endfacet
  facet normal -0.129665 0.991558 0
    outer loop
      vertex 2350 603.5 200
      vertex 2349.09 603.381 250
      vertex 2350 603.5 250
    endloop
  endfacet
  facet normal -0.129665 0.991558 0
    outer loop
      vertex 2349.09 603.381 250
      vertex 2350 603.5 200
      vertex 2349.09 603.381 200
    endloop
  endfacet
  facet normal -0.791405 0.611292 0
    outer loop
      vertex 2346.97 601.75 200
      vertex 2347.53 602.475 250
      vertex 2347.53 602.475 200
    endloop
  endfacet
  facet normal -0.791405 0.611292 0
    outer loop
      vertex 2347.53 602.475 250
      vertex 2346.97 601.75 200
      vertex 2346.97 601.75 250
    endloop
  endfacet
  facet normal 0.923723 0.383061 0
    outer loop
      vertex 2353.38 600.906 250
      vertex 2353.03 601.75 200
      vertex 2353.03 601.75 250
    endloop
  endfacet
  facet normal 0.923723 0.383061 0
    outer loop
      vertex 2353.03 601.75 200
      vertex 2353.38 600.906 250
      vertex 2353.38 600.906 200
    endloop
  endfacet
  facet normal 0.991342 0.131304 0
    outer loop
      vertex 2353.5 600 250
      vertex 2353.38 600.906 200
      vertex 2353.38 600.906 250
    endloop
  endfacet
  facet normal 0.991342 0.131304 0
    outer loop
      vertex 2353.38 600.906 200
      vertex 2353.5 600 250
      vertex 2353.5 600 200
    endloop
  endfacet
  facet normal -0.384615 0.923077 0
    outer loop
      vertex 2349.09 603.381 200
      vertex 2348.25 603.031 250
      vertex 2349.09 603.381 250
    endloop
  endfacet
  facet normal -0.384615 0.923077 0
    outer loop
      vertex 2348.25 603.031 250
      vertex 2349.09 603.381 200
      vertex 2348.25 603.031 200
    endloop
  endfacet
  facet normal 0.791405 0.611292 0
    outer loop
      vertex 2353.03 601.75 250
      vertex 2352.47 602.475 200
      vertex 2352.47 602.475 250
    endloop
  endfacet
  facet normal 0.791405 0.611292 0
    outer loop
      vertex 2352.47 602.475 200
      vertex 2353.03 601.75 250
      vertex 2353.03 601.75 200
    endloop
  endfacet
  facet normal 0.991342 -0.131304 0
    outer loop
      vertex 2353.38 999.094 250
      vertex 2353.5 1000 200
      vertex 2353.5 1000 250
    endloop
  endfacet
  facet normal 0.991342 -0.131304 0
    outer loop
      vertex 2353.5 1000 200
      vertex 2353.38 999.094 250
      vertex 2353.38 999.094 200
    endloop
  endfacet
  facet normal 0.923723 -0.383061 0
    outer loop
      vertex 2353.03 998.25 250
      vertex 2353.38 999.094 200
      vertex 2353.38 999.094 250
    endloop
  endfacet
  facet normal 0.923723 -0.383061 0
    outer loop
      vertex 2353.38 999.094 200
      vertex 2353.03 998.25 250
      vertex 2353.03 998.25 200
    endloop
  endfacet
  facet normal -0.129665 -0.991558 0
    outer loop
      vertex 2349.09 996.619 200
      vertex 2350 996.5 250
      vertex 2349.09 996.619 250
    endloop
  endfacet
  facet normal -0.129665 -0.991558 -0
    outer loop
      vertex 2350 996.5 250
      vertex 2349.09 996.619 200
      vertex 2350 996.5 200
    endloop
  endfacet
  facet normal 0.384615 0.923077 -0
    outer loop
      vertex 2351.75 1003.03 200
      vertex 2350.91 1003.38 250
      vertex 2351.75 1003.03 250
    endloop
  endfacet
  facet normal 0.384615 0.923077 0
    outer loop
      vertex 2350.91 1003.38 250
      vertex 2351.75 1003.03 200
      vertex 2350.91 1003.38 200
    endloop
  endfacet
  facet normal 0.611197 -0.791478 0
    outer loop
      vertex 2351.75 996.969 200
      vertex 2352.47 997.525 250
      vertex 2351.75 996.969 250
    endloop
  endfacet
  facet normal 0.611197 -0.791478 0
    outer loop
      vertex 2352.47 997.525 250
      vertex 2351.75 996.969 200
      vertex 2352.47 997.525 200
    endloop
  endfacet
  facet normal -0.791405 -0.611292 0
    outer loop
      vertex 2347.53 997.525 200
      vertex 2346.97 998.25 250
      vertex 2346.97 998.25 200
    endloop
  endfacet
  facet normal -0.791405 -0.611292 0
    outer loop
      vertex 2346.97 998.25 250
      vertex 2347.53 997.525 200
      vertex 2347.53 997.525 250
    endloop
  endfacet
  facet normal -0.611197 -0.791478 0
    outer loop
      vertex 2347.53 997.525 200
      vertex 2348.25 996.969 250
      vertex 2347.53 997.525 250
    endloop
  endfacet
  facet normal -0.611197 -0.791478 -0
    outer loop
      vertex 2348.25 996.969 250
      vertex 2347.53 997.525 200
      vertex 2348.25 996.969 200
    endloop
  endfacet
  facet normal 0.613941 0.789352 -0
    outer loop
      vertex 2352.47 1002.47 200
      vertex 2351.75 1003.03 250
      vertex 2352.47 1002.47 250
    endloop
  endfacet
  facet normal 0.613941 0.789352 0
    outer loop
      vertex 2351.75 1003.03 250
      vertex 2352.47 1002.47 200
      vertex 2351.75 1003.03 200
    endloop
  endfacet
  facet normal 0.791405 -0.611292 0
    outer loop
      vertex 2352.47 997.525 250
      vertex 2353.03 998.25 200
      vertex 2353.03 998.25 250
    endloop
  endfacet
  facet normal 0.791405 -0.611292 0
    outer loop
      vertex 2353.03 998.25 200
      vertex 2352.47 997.525 250
      vertex 2352.47 997.525 200
    endloop
  endfacet
  facet normal 0.384615 -0.923077 0
    outer loop
      vertex 2350.91 996.619 200
      vertex 2351.75 996.969 250
      vertex 2350.91 996.619 250
    endloop
  endfacet
  facet normal 0.384615 -0.923077 0
    outer loop
      vertex 2351.75 996.969 250
      vertex 2350.91 996.619 200
      vertex 2351.75 996.969 200
    endloop
  endfacet
  facet normal -0.923723 -0.383061 0
    outer loop
      vertex 2346.97 998.25 200
      vertex 2346.62 999.094 250
      vertex 2346.62 999.094 200
    endloop
  endfacet
  facet normal -0.923723 -0.383061 0
    outer loop
      vertex 2346.62 999.094 250
      vertex 2346.97 998.25 200
      vertex 2346.97 998.25 250
    endloop
  endfacet
  facet normal -0.384615 -0.923077 0
    outer loop
      vertex 2348.25 996.969 200
      vertex 2349.09 996.619 250
      vertex 2348.25 996.969 250
    endloop
  endfacet
  facet normal -0.384615 -0.923077 -0
    outer loop
      vertex 2349.09 996.619 250
      vertex 2348.25 996.969 200
      vertex 2349.09 996.619 200
    endloop
  endfacet
  facet normal -0.923077 0.384615 0
    outer loop
      vertex 2346.62 1000.91 200
      vertex 2346.97 1001.75 250
      vertex 2346.97 1001.75 200
    endloop
  endfacet
  facet normal -0.923077 0.384615 0
    outer loop
      vertex 2346.97 1001.75 250
      vertex 2346.62 1000.91 200
      vertex 2346.62 1000.91 250
    endloop
  endfacet
  facet normal 0.130736 0.991417 -0
    outer loop
      vertex 2350.91 1003.38 200
      vertex 2350 1003.5 250
      vertex 2350.91 1003.38 250
    endloop
  endfacet
  facet normal 0.130736 0.991417 0
    outer loop
      vertex 2350 1003.5 250
      vertex 2350.91 1003.38 200
      vertex 2350 1003.5 200
    endloop
  endfacet
  facet normal 0.129665 -0.991558 0
    outer loop
      vertex 2350 996.5 200
      vertex 2350.91 996.619 250
      vertex 2350 996.5 250
    endloop
  endfacet
  facet normal 0.129665 -0.991558 0
    outer loop
      vertex 2350.91 996.619 250
      vertex 2350 996.5 200
      vertex 2350.91 996.619 200
    endloop
  endfacet
  facet normal -0.991342 -0.131304 0
    outer loop
      vertex 2346.62 999.094 200
      vertex 2346.5 1000 250
      vertex 2346.5 1000 200
    endloop
  endfacet
  facet normal -0.991342 -0.131304 0
    outer loop
      vertex 2346.5 1000 250
      vertex 2346.62 999.094 200
      vertex 2346.62 999.094 250
    endloop
  endfacet
  facet normal -0.991417 0.130736 0
    outer loop
      vertex 2346.5 1000 200
      vertex 2346.62 1000.91 250
      vertex 2346.62 1000.91 200
    endloop
  endfacet
  facet normal -0.991417 0.130736 0
    outer loop
      vertex 2346.62 1000.91 250
      vertex 2346.5 1000 200
      vertex 2346.5 1000 250
    endloop
  endfacet
  facet normal -0.613941 0.789352 0
    outer loop
      vertex 2348.25 1003.03 200
      vertex 2347.53 1002.47 250
      vertex 2348.25 1003.03 250
    endloop
  endfacet
  facet normal -0.613941 0.789352 0
    outer loop
      vertex 2347.53 1002.47 250
      vertex 2348.25 1003.03 200
      vertex 2347.53 1002.47 200
    endloop
  endfacet
  facet normal -0.130736 0.991417 0
    outer loop
      vertex 2350 1003.5 200
      vertex 2349.09 1003.38 250
      vertex 2350 1003.5 250
    endloop
  endfacet
  facet normal -0.130736 0.991417 0
    outer loop
      vertex 2349.09 1003.38 250
      vertex 2350 1003.5 200
      vertex 2349.09 1003.38 200
    endloop
  endfacet
  facet normal -0.789352 0.613941 0
    outer loop
      vertex 2346.97 1001.75 200
      vertex 2347.53 1002.47 250
      vertex 2347.53 1002.47 200
    endloop
  endfacet
  facet normal -0.789352 0.613941 0
    outer loop
      vertex 2347.53 1002.47 250
      vertex 2346.97 1001.75 200
      vertex 2346.97 1001.75 250
    endloop
  endfacet
  facet normal 0.923077 0.384615 0
    outer loop
      vertex 2353.38 1000.91 250
      vertex 2353.03 1001.75 200
      vertex 2353.03 1001.75 250
    endloop
  endfacet
  facet normal 0.923077 0.384615 0
    outer loop
      vertex 2353.03 1001.75 200
      vertex 2353.38 1000.91 250
      vertex 2353.38 1000.91 200
    endloop
  endfacet
  facet normal 0.991417 0.130736 0
    outer loop
      vertex 2353.5 1000 250
      vertex 2353.38 1000.91 200
      vertex 2353.38 1000.91 250
    endloop
  endfacet
  facet normal 0.991417 0.130736 0
    outer loop
      vertex 2353.38 1000.91 200
      vertex 2353.5 1000 250
      vertex 2353.5 1000 200
    endloop
  endfacet
  facet normal -0.384615 0.923077 0
    outer loop
      vertex 2349.09 1003.38 200
      vertex 2348.25 1003.03 250
      vertex 2349.09 1003.38 250
    endloop
  endfacet
  facet normal -0.384615 0.923077 0
    outer loop
      vertex 2348.25 1003.03 250
      vertex 2349.09 1003.38 200
      vertex 2348.25 1003.03 200
    endloop
  endfacet
  facet normal 0.789352 0.613941 0
    outer loop
      vertex 2353.03 1001.75 250
      vertex 2352.47 1002.47 200
      vertex 2352.47 1002.47 250
    endloop
  endfacet
  facet normal 0.789352 0.613941 0
    outer loop
      vertex 2352.47 1002.47 200
      vertex 2353.03 1001.75 250
      vertex 2353.03 1001.75 200
    endloop
  endfacet
  facet normal 0.991558 -0.129665 0
    outer loop
      vertex 303.381 1149.09 250
      vertex 303.5 1150 200
      vertex 303.5 1150 250
    endloop
  endfacet
  facet normal 0.991558 -0.129665 0
    outer loop
      vertex 303.5 1150 200
      vertex 303.381 1149.09 250
      vertex 303.381 1149.09 200
    endloop
  endfacet
  facet normal 0.923077 -0.384615 0
    outer loop
      vertex 303.031 1148.25 250
      vertex 303.381 1149.09 200
      vertex 303.381 1149.09 250
    endloop
  endfacet
  facet normal 0.923077 -0.384615 0
    outer loop
      vertex 303.381 1149.09 200
      vertex 303.031 1148.25 250
      vertex 303.031 1148.25 200
    endloop
  endfacet
  facet normal -0.131304 -0.991342 0
    outer loop
      vertex 299.094 1146.62 200
      vertex 300 1146.5 250
      vertex 299.094 1146.62 250
    endloop
  endfacet
  facet normal -0.131304 -0.991342 -0
    outer loop
      vertex 300 1146.5 250
      vertex 299.094 1146.62 200
      vertex 300 1146.5 200
    endloop
  endfacet
  facet normal 0.383061 0.923723 -0
    outer loop
      vertex 301.75 1153.03 200
      vertex 300.906 1153.38 250
      vertex 301.75 1153.03 250
    endloop
  endfacet
  facet normal 0.383061 0.923723 0
    outer loop
      vertex 300.906 1153.38 250
      vertex 301.75 1153.03 200
      vertex 300.906 1153.38 200
    endloop
  endfacet
  facet normal 0.611292 -0.791405 0
    outer loop
      vertex 301.75 1146.97 200
      vertex 302.475 1147.53 250
      vertex 301.75 1146.97 250
    endloop
  endfacet
  facet normal 0.611292 -0.791405 0
    outer loop
      vertex 302.475 1147.53 250
      vertex 301.75 1146.97 200
      vertex 302.475 1147.53 200
    endloop
  endfacet
  facet normal -0.791478 -0.611197 0
    outer loop
      vertex 297.525 1147.53 200
      vertex 296.969 1148.25 250
      vertex 296.969 1148.25 200
    endloop
  endfacet
  facet normal -0.791478 -0.611197 0
    outer loop
      vertex 296.969 1148.25 250
      vertex 297.525 1147.53 200
      vertex 297.525 1147.53 250
    endloop
  endfacet
  facet normal -0.611292 -0.791405 0
    outer loop
      vertex 297.525 1147.53 200
      vertex 298.25 1146.97 250
      vertex 297.525 1147.53 250
    endloop
  endfacet
  facet normal -0.611292 -0.791405 -0
    outer loop
      vertex 298.25 1146.97 250
      vertex 297.525 1147.53 200
      vertex 298.25 1146.97 200
    endloop
  endfacet
  facet normal 0.611292 0.791405 -0
    outer loop
      vertex 302.475 1152.47 200
      vertex 301.75 1153.03 250
      vertex 302.475 1152.47 250
    endloop
  endfacet
  facet normal 0.611292 0.791405 0
    outer loop
      vertex 301.75 1153.03 250
      vertex 302.475 1152.47 200
      vertex 301.75 1153.03 200
    endloop
  endfacet
  facet normal 0.791478 -0.611197 0
    outer loop
      vertex 302.475 1147.53 250
      vertex 303.031 1148.25 200
      vertex 303.031 1148.25 250
    endloop
  endfacet
  facet normal 0.791478 -0.611197 0
    outer loop
      vertex 303.031 1148.25 200
      vertex 302.475 1147.53 250
      vertex 302.475 1147.53 200
    endloop
  endfacet
  facet normal 0.383061 -0.923723 0
    outer loop
      vertex 300.906 1146.62 200
      vertex 301.75 1146.97 250
      vertex 300.906 1146.62 250
    endloop
  endfacet
  facet normal 0.383061 -0.923723 0
    outer loop
      vertex 301.75 1146.97 250
      vertex 300.906 1146.62 200
      vertex 301.75 1146.97 200
    endloop
  endfacet
  facet normal -0.923077 -0.384615 0
    outer loop
      vertex 296.969 1148.25 200
      vertex 296.619 1149.09 250
      vertex 296.619 1149.09 200
    endloop
  endfacet
  facet normal -0.923077 -0.384615 0
    outer loop
      vertex 296.619 1149.09 250
      vertex 296.969 1148.25 200
      vertex 296.969 1148.25 250
    endloop
  endfacet
  facet normal -0.383061 -0.923723 0
    outer loop
      vertex 298.25 1146.97 200
      vertex 299.094 1146.62 250
      vertex 298.25 1146.97 250
    endloop
  endfacet
  facet normal -0.383061 -0.923723 -0
    outer loop
      vertex 299.094 1146.62 250
      vertex 298.25 1146.97 200
      vertex 299.094 1146.62 200
    endloop
  endfacet
  facet normal -0.923077 0.384615 0
    outer loop
      vertex 296.619 1150.91 200
      vertex 296.969 1151.75 250
      vertex 296.969 1151.75 200
    endloop
  endfacet
  facet normal -0.923077 0.384615 0
    outer loop
      vertex 296.969 1151.75 250
      vertex 296.619 1150.91 200
      vertex 296.619 1150.91 250
    endloop
  endfacet
  facet normal 0.131304 0.991342 -0
    outer loop
      vertex 300.906 1153.38 200
      vertex 300 1153.5 250
      vertex 300.906 1153.38 250
    endloop
  endfacet
  facet normal 0.131304 0.991342 0
    outer loop
      vertex 300 1153.5 250
      vertex 300.906 1153.38 200
      vertex 300 1153.5 200
    endloop
  endfacet
  facet normal 0.131304 -0.991342 0
    outer loop
      vertex 300 1146.5 200
      vertex 300.906 1146.62 250
      vertex 300 1146.5 250
    endloop
  endfacet
  facet normal 0.131304 -0.991342 0
    outer loop
      vertex 300.906 1146.62 250
      vertex 300 1146.5 200
      vertex 300.906 1146.62 200
    endloop
  endfacet
  facet normal -0.991558 -0.129665 0
    outer loop
      vertex 296.619 1149.09 200
      vertex 296.5 1150 250
      vertex 296.5 1150 200
    endloop
  endfacet
  facet normal -0.991558 -0.129665 0
    outer loop
      vertex 296.5 1150 250
      vertex 296.619 1149.09 200
      vertex 296.619 1149.09 250
    endloop
  endfacet
  facet normal -0.991558 0.129665 0
    outer loop
      vertex 296.5 1150 200
      vertex 296.619 1150.91 250
      vertex 296.619 1150.91 200
    endloop
  endfacet
  facet normal -0.991558 0.129665 0
    outer loop
      vertex 296.619 1150.91 250
      vertex 296.5 1150 200
      vertex 296.5 1150 250
    endloop
  endfacet
  facet normal -0.611292 0.791405 0
    outer loop
      vertex 298.25 1153.03 200
      vertex 297.525 1152.47 250
      vertex 298.25 1153.03 250
    endloop
  endfacet
  facet normal -0.611292 0.791405 0
    outer loop
      vertex 297.525 1152.47 250
      vertex 298.25 1153.03 200
      vertex 297.525 1152.47 200
    endloop
  endfacet
  facet normal -0.131304 0.991342 0
    outer loop
      vertex 300 1153.5 200
      vertex 299.094 1153.38 250
      vertex 300 1153.5 250
    endloop
  endfacet
  facet normal -0.131304 0.991342 0
    outer loop
      vertex 299.094 1153.38 250
      vertex 300 1153.5 200
      vertex 299.094 1153.38 200
    endloop
  endfacet
  facet normal -0.791478 0.611197 0
    outer loop
      vertex 296.969 1151.75 200
      vertex 297.525 1152.47 250
      vertex 297.525 1152.47 200
    endloop
  endfacet
  facet normal -0.791478 0.611197 0
    outer loop
      vertex 297.525 1152.47 250
      vertex 296.969 1151.75 200
      vertex 296.969 1151.75 250
    endloop
  endfacet
  facet normal 0.923077 0.384615 0
    outer loop
      vertex 303.381 1150.91 250
      vertex 303.031 1151.75 200
      vertex 303.031 1151.75 250
    endloop
  endfacet
  facet normal 0.923077 0.384615 0
    outer loop
      vertex 303.031 1151.75 200
      vertex 303.381 1150.91 250
      vertex 303.381 1150.91 200
    endloop
  endfacet
  facet normal 0.991558 0.129665 0
    outer loop
      vertex 303.5 1150 250
      vertex 303.381 1150.91 200
      vertex 303.381 1150.91 250
    endloop
  endfacet
  facet normal 0.991558 0.129665 0
    outer loop
      vertex 303.381 1150.91 200
      vertex 303.5 1150 250
      vertex 303.5 1150 200
    endloop
  endfacet
  facet normal -0.383061 0.923723 0
    outer loop
      vertex 299.094 1153.38 200
      vertex 298.25 1153.03 250
      vertex 299.094 1153.38 250
    endloop
  endfacet
  facet normal -0.383061 0.923723 0
    outer loop
      vertex 298.25 1153.03 250
      vertex 299.094 1153.38 200
      vertex 298.25 1153.03 200
    endloop
  endfacet
  facet normal 0.791478 0.611197 0
    outer loop
      vertex 303.031 1151.75 250
      vertex 302.475 1152.47 200
      vertex 302.475 1152.47 250
    endloop
  endfacet
  facet normal 0.791478 0.611197 0
    outer loop
      vertex 302.475 1152.47 200
      vertex 303.031 1151.75 250
      vertex 303.031 1151.75 200
    endloop
  endfacet
  facet normal 0.991558 -0.129665 0
    outer loop
      vertex 903.381 1149.09 250
      vertex 903.5 1150 200
      vertex 903.5 1150 250
    endloop
  endfacet
  facet normal 0.991558 -0.129665 0
    outer loop
      vertex 903.5 1150 200
      vertex 903.381 1149.09 250
      vertex 903.381 1149.09 200
    endloop
  endfacet
  facet normal 0.923077 -0.384615 0
    outer loop
      vertex 903.031 1148.25 250
      vertex 903.381 1149.09 200
      vertex 903.381 1149.09 250
    endloop
  endfacet
  facet normal 0.923077 -0.384615 0
    outer loop
      vertex 903.381 1149.09 200
      vertex 903.031 1148.25 250
      vertex 903.031 1148.25 200
    endloop
  endfacet
  facet normal -0.131304 -0.991342 0
    outer loop
      vertex 899.094 1146.62 200
      vertex 900 1146.5 250
      vertex 899.094 1146.62 250
    endloop
  endfacet
  facet normal -0.131304 -0.991342 -0
    outer loop
      vertex 900 1146.5 250
      vertex 899.094 1146.62 200
      vertex 900 1146.5 200
    endloop
  endfacet
  facet normal 0.383061 0.923723 -0
    outer loop
      vertex 901.75 1153.03 200
      vertex 900.906 1153.38 250
      vertex 901.75 1153.03 250
    endloop
  endfacet
  facet normal 0.383061 0.923723 0
    outer loop
      vertex 900.906 1153.38 250
      vertex 901.75 1153.03 200
      vertex 900.906 1153.38 200
    endloop
  endfacet
  facet normal 0.611292 -0.791405 0
    outer loop
      vertex 901.75 1146.97 200
      vertex 902.475 1147.53 250
      vertex 901.75 1146.97 250
    endloop
  endfacet
  facet normal 0.611292 -0.791405 0
    outer loop
      vertex 902.475 1147.53 250
      vertex 901.75 1146.97 200
      vertex 902.475 1147.53 200
    endloop
  endfacet
  facet normal -0.791478 -0.611197 0
    outer loop
      vertex 897.525 1147.53 200
      vertex 896.969 1148.25 250
      vertex 896.969 1148.25 200
    endloop
  endfacet
  facet normal -0.791478 -0.611197 0
    outer loop
      vertex 896.969 1148.25 250
      vertex 897.525 1147.53 200
      vertex 897.525 1147.53 250
    endloop
  endfacet
  facet normal -0.611292 -0.791405 0
    outer loop
      vertex 897.525 1147.53 200
      vertex 898.25 1146.97 250
      vertex 897.525 1147.53 250
    endloop
  endfacet
  facet normal -0.611292 -0.791405 -0
    outer loop
      vertex 898.25 1146.97 250
      vertex 897.525 1147.53 200
      vertex 898.25 1146.97 200
    endloop
  endfacet
  facet normal 0.611292 0.791405 -0
    outer loop
      vertex 902.475 1152.47 200
      vertex 901.75 1153.03 250
      vertex 902.475 1152.47 250
    endloop
  endfacet
  facet normal 0.611292 0.791405 0
    outer loop
      vertex 901.75 1153.03 250
      vertex 902.475 1152.47 200
      vertex 901.75 1153.03 200
    endloop
  endfacet
  facet normal 0.791478 -0.611197 0
    outer loop
      vertex 902.475 1147.53 250
      vertex 903.031 1148.25 200
      vertex 903.031 1148.25 250
    endloop
  endfacet
  facet normal 0.791478 -0.611197 0
    outer loop
      vertex 903.031 1148.25 200
      vertex 902.475 1147.53 250
      vertex 902.475 1147.53 200
    endloop
  endfacet
  facet normal 0.383061 -0.923723 0
    outer loop
      vertex 900.906 1146.62 200
      vertex 901.75 1146.97 250
      vertex 900.906 1146.62 250
    endloop
  endfacet
  facet normal 0.383061 -0.923723 0
    outer loop
      vertex 901.75 1146.97 250
      vertex 900.906 1146.62 200
      vertex 901.75 1146.97 200
    endloop
  endfacet
  facet normal -0.923077 -0.384615 0
    outer loop
      vertex 896.969 1148.25 200
      vertex 896.619 1149.09 250
      vertex 896.619 1149.09 200
    endloop
  endfacet
  facet normal -0.923077 -0.384615 0
    outer loop
      vertex 896.619 1149.09 250
      vertex 896.969 1148.25 200
      vertex 896.969 1148.25 250
    endloop
  endfacet
  facet normal -0.383061 -0.923723 0
    outer loop
      vertex 898.25 1146.97 200
      vertex 899.094 1146.62 250
      vertex 898.25 1146.97 250
    endloop
  endfacet
  facet normal -0.383061 -0.923723 -0
    outer loop
      vertex 899.094 1146.62 250
      vertex 898.25 1146.97 200
      vertex 899.094 1146.62 200
    endloop
  endfacet
  facet normal -0.923077 0.384615 0
    outer loop
      vertex 896.619 1150.91 200
      vertex 896.969 1151.75 250
      vertex 896.969 1151.75 200
    endloop
  endfacet
  facet normal -0.923077 0.384615 0
    outer loop
      vertex 896.969 1151.75 250
      vertex 896.619 1150.91 200
      vertex 896.619 1150.91 250
    endloop
  endfacet
  facet normal 0.131304 0.991342 -0
    outer loop
      vertex 900.906 1153.38 200
      vertex 900 1153.5 250
      vertex 900.906 1153.38 250
    endloop
  endfacet
  facet normal 0.131304 0.991342 0
    outer loop
      vertex 900 1153.5 250
      vertex 900.906 1153.38 200
      vertex 900 1153.5 200
    endloop
  endfacet
  facet normal 0.131304 -0.991342 0
    outer loop
      vertex 900 1146.5 200
      vertex 900.906 1146.62 250
      vertex 900 1146.5 250
    endloop
  endfacet
  facet normal 0.131304 -0.991342 0
    outer loop
      vertex 900.906 1146.62 250
      vertex 900 1146.5 200
      vertex 900.906 1146.62 200
    endloop
  endfacet
  facet normal -0.991558 -0.129665 0
    outer loop
      vertex 896.619 1149.09 200
      vertex 896.5 1150 250
      vertex 896.5 1150 200
    endloop
  endfacet
  facet normal -0.991558 -0.129665 0
    outer loop
      vertex 896.5 1150 250
      vertex 896.619 1149.09 200
      vertex 896.619 1149.09 250
    endloop
  endfacet
  facet normal -0.991558 0.129665 0
    outer loop
      vertex 896.5 1150 200
      vertex 896.619 1150.91 250
      vertex 896.619 1150.91 200
    endloop
  endfacet
  facet normal -0.991558 0.129665 0
    outer loop
      vertex 896.619 1150.91 250
      vertex 896.5 1150 200
      vertex 896.5 1150 250
    endloop
  endfacet
  facet normal -0.611292 0.791405 0
    outer loop
      vertex 898.25 1153.03 200
      vertex 897.525 1152.47 250
      vertex 898.25 1153.03 250
    endloop
  endfacet
  facet normal -0.611292 0.791405 0
    outer loop
      vertex 897.525 1152.47 250
      vertex 898.25 1153.03 200
      vertex 897.525 1152.47 200
    endloop
  endfacet
  facet normal -0.131304 0.991342 0
    outer loop
      vertex 900 1153.5 200
      vertex 899.094 1153.38 250
      vertex 900 1153.5 250
    endloop
  endfacet
  facet normal -0.131304 0.991342 0
    outer loop
      vertex 899.094 1153.38 250
      vertex 900 1153.5 200
      vertex 899.094 1153.38 200
    endloop
  endfacet
  facet normal -0.791478 0.611197 0
    outer loop
      vertex 896.969 1151.75 200
      vertex 897.525 1152.47 250
      vertex 897.525 1152.47 200
    endloop
  endfacet
  facet normal -0.791478 0.611197 0
    outer loop
      vertex 897.525 1152.47 250
      vertex 896.969 1151.75 200
      vertex 896.969 1151.75 250
    endloop
  endfacet
  facet normal 0.923077 0.384615 0
    outer loop
      vertex 903.381 1150.91 250
      vertex 903.031 1151.75 200
      vertex 903.031 1151.75 250
    endloop
  endfacet
  facet normal 0.923077 0.384615 0
    outer loop
      vertex 903.031 1151.75 200
      vertex 903.381 1150.91 250
      vertex 903.381 1150.91 200
    endloop
  endfacet
  facet normal 0.991558 0.129665 0
    outer loop
      vertex 903.5 1150 250
      vertex 903.381 1150.91 200
      vertex 903.381 1150.91 250
    endloop
  endfacet
  facet normal 0.991558 0.129665 0
    outer loop
      vertex 903.381 1150.91 200
      vertex 903.5 1150 250
      vertex 903.5 1150 200
    endloop
  endfacet
  facet normal -0.383061 0.923723 0
    outer loop
      vertex 899.094 1153.38 200
      vertex 898.25 1153.03 250
      vertex 899.094 1153.38 250
    endloop
  endfacet
  facet normal -0.383061 0.923723 0
    outer loop
      vertex 898.25 1153.03 250
      vertex 899.094 1153.38 200
      vertex 898.25 1153.03 200
    endloop
  endfacet
  facet normal 0.791478 0.611197 0
    outer loop
      vertex 903.031 1151.75 250
      vertex 902.475 1152.47 200
      vertex 902.475 1152.47 250
    endloop
  endfacet
  facet normal 0.791478 0.611197 0
    outer loop
      vertex 902.475 1152.47 200
      vertex 903.031 1151.75 250
      vertex 903.031 1151.75 200
    endloop
  endfacet
  facet normal 0.991417 -0.130736 0
    outer loop
      vertex 1503.38 1149.09 250
      vertex 1503.5 1150 200
      vertex 1503.5 1150 250
    endloop
  endfacet
  facet normal 0.991417 -0.130736 0
    outer loop
      vertex 1503.5 1150 200
      vertex 1503.38 1149.09 250
      vertex 1503.38 1149.09 200
    endloop
  endfacet
  facet normal 0.923077 -0.384615 0
    outer loop
      vertex 1503.03 1148.25 250
      vertex 1503.38 1149.09 200
      vertex 1503.38 1149.09 250
    endloop
  endfacet
  facet normal 0.923077 -0.384615 0
    outer loop
      vertex 1503.38 1149.09 200
      vertex 1503.03 1148.25 250
      vertex 1503.03 1148.25 200
    endloop
  endfacet
  facet normal -0.130736 -0.991417 0
    outer loop
      vertex 1499.09 1146.62 200
      vertex 1500 1146.5 250
      vertex 1499.09 1146.62 250
    endloop
  endfacet
  facet normal -0.130736 -0.991417 -0
    outer loop
      vertex 1500 1146.5 250
      vertex 1499.09 1146.62 200
      vertex 1500 1146.5 200
    endloop
  endfacet
  facet normal 0.384615 0.923077 -0
    outer loop
      vertex 1501.75 1153.03 200
      vertex 1500.91 1153.38 250
      vertex 1501.75 1153.03 250
    endloop
  endfacet
  facet normal 0.384615 0.923077 0
    outer loop
      vertex 1500.91 1153.38 250
      vertex 1501.75 1153.03 200
      vertex 1500.91 1153.38 200
    endloop
  endfacet
  facet normal 0.613941 -0.789352 0
    outer loop
      vertex 1501.75 1146.97 200
      vertex 1502.47 1147.53 250
      vertex 1501.75 1146.97 250
    endloop
  endfacet
  facet normal 0.613941 -0.789352 0
    outer loop
      vertex 1502.47 1147.53 250
      vertex 1501.75 1146.97 200
      vertex 1502.47 1147.53 200
    endloop
  endfacet
  facet normal -0.789352 -0.613941 0
    outer loop
      vertex 1497.53 1147.53 200
      vertex 1496.97 1148.25 250
      vertex 1496.97 1148.25 200
    endloop
  endfacet
  facet normal -0.789352 -0.613941 0
    outer loop
      vertex 1496.97 1148.25 250
      vertex 1497.53 1147.53 200
      vertex 1497.53 1147.53 250
    endloop
  endfacet
  facet normal -0.613941 -0.789352 0
    outer loop
      vertex 1497.53 1147.53 200
      vertex 1498.25 1146.97 250
      vertex 1497.53 1147.53 250
    endloop
  endfacet
  facet normal -0.613941 -0.789352 -0
    outer loop
      vertex 1498.25 1146.97 250
      vertex 1497.53 1147.53 200
      vertex 1498.25 1146.97 200
    endloop
  endfacet
  facet normal 0.613941 0.789352 -0
    outer loop
      vertex 1502.47 1152.47 200
      vertex 1501.75 1153.03 250
      vertex 1502.47 1152.47 250
    endloop
  endfacet
  facet normal 0.613941 0.789352 0
    outer loop
      vertex 1501.75 1153.03 250
      vertex 1502.47 1152.47 200
      vertex 1501.75 1153.03 200
    endloop
  endfacet
  facet normal 0.789352 -0.613941 0
    outer loop
      vertex 1502.47 1147.53 250
      vertex 1503.03 1148.25 200
      vertex 1503.03 1148.25 250
    endloop
  endfacet
  facet normal 0.789352 -0.613941 0
    outer loop
      vertex 1503.03 1148.25 200
      vertex 1502.47 1147.53 250
      vertex 1502.47 1147.53 200
    endloop
  endfacet
  facet normal 0.384615 -0.923077 0
    outer loop
      vertex 1500.91 1146.62 200
      vertex 1501.75 1146.97 250
      vertex 1500.91 1146.62 250
    endloop
  endfacet
  facet normal 0.384615 -0.923077 0
    outer loop
      vertex 1501.75 1146.97 250
      vertex 1500.91 1146.62 200
      vertex 1501.75 1146.97 200
    endloop
  endfacet
  facet normal -0.923077 -0.384615 0
    outer loop
      vertex 1496.97 1148.25 200
      vertex 1496.62 1149.09 250
      vertex 1496.62 1149.09 200
    endloop
  endfacet
  facet normal -0.923077 -0.384615 0
    outer loop
      vertex 1496.62 1149.09 250
      vertex 1496.97 1148.25 200
      vertex 1496.97 1148.25 250
    endloop
  endfacet
  facet normal -0.384615 -0.923077 0
    outer loop
      vertex 1498.25 1146.97 200
      vertex 1499.09 1146.62 250
      vertex 1498.25 1146.97 250
    endloop
  endfacet
  facet normal -0.384615 -0.923077 -0
    outer loop
      vertex 1499.09 1146.62 250
      vertex 1498.25 1146.97 200
      vertex 1499.09 1146.62 200
    endloop
  endfacet
  facet normal -0.923077 0.384615 0
    outer loop
      vertex 1496.62 1150.91 200
      vertex 1496.97 1151.75 250
      vertex 1496.97 1151.75 200
    endloop
  endfacet
  facet normal -0.923077 0.384615 0
    outer loop
      vertex 1496.97 1151.75 250
      vertex 1496.62 1150.91 200
      vertex 1496.62 1150.91 250
    endloop
  endfacet
  facet normal 0.130736 0.991417 -0
    outer loop
      vertex 1500.91 1153.38 200
      vertex 1500 1153.5 250
      vertex 1500.91 1153.38 250
    endloop
  endfacet
  facet normal 0.130736 0.991417 0
    outer loop
      vertex 1500 1153.5 250
      vertex 1500.91 1153.38 200
      vertex 1500 1153.5 200
    endloop
  endfacet
  facet normal 0.130736 -0.991417 0
    outer loop
      vertex 1500 1146.5 200
      vertex 1500.91 1146.62 250
      vertex 1500 1146.5 250
    endloop
  endfacet
  facet normal 0.130736 -0.991417 0
    outer loop
      vertex 1500.91 1146.62 250
      vertex 1500 1146.5 200
      vertex 1500.91 1146.62 200
    endloop
  endfacet
  facet normal -0.991417 -0.130736 0
    outer loop
      vertex 1496.62 1149.09 200
      vertex 1496.5 1150 250
      vertex 1496.5 1150 200
    endloop
  endfacet
  facet normal -0.991417 -0.130736 0
    outer loop
      vertex 1496.5 1150 250
      vertex 1496.62 1149.09 200
      vertex 1496.62 1149.09 250
    endloop
  endfacet
  facet normal -0.991417 0.130736 0
    outer loop
      vertex 1496.5 1150 200
      vertex 1496.62 1150.91 250
      vertex 1496.62 1150.91 200
    endloop
  endfacet
  facet normal -0.991417 0.130736 0
    outer loop
      vertex 1496.62 1150.91 250
      vertex 1496.5 1150 200
      vertex 1496.5 1150 250
    endloop
  endfacet
  facet normal -0.613941 0.789352 0
    outer loop
      vertex 1498.25 1153.03 200
      vertex 1497.53 1152.47 250
      vertex 1498.25 1153.03 250
    endloop
  endfacet
  facet normal -0.613941 0.789352 0
    outer loop
      vertex 1497.53 1152.47 250
      vertex 1498.25 1153.03 200
      vertex 1497.53 1152.47 200
    endloop
  endfacet
  facet normal -0.130736 0.991417 0
    outer loop
      vertex 1500 1153.5 200
      vertex 1499.09 1153.38 250
      vertex 1500 1153.5 250
    endloop
  endfacet
  facet normal -0.130736 0.991417 0
    outer loop
      vertex 1499.09 1153.38 250
      vertex 1500 1153.5 200
      vertex 1499.09 1153.38 200
    endloop
  endfacet
  facet normal -0.789352 0.613941 0
    outer loop
      vertex 1496.97 1151.75 200
      vertex 1497.53 1152.47 250
      vertex 1497.53 1152.47 200
    endloop
  endfacet
  facet normal -0.789352 0.613941 0
    outer loop
      vertex 1497.53 1152.47 250
      vertex 1496.97 1151.75 200
      vertex 1496.97 1151.75 250
    endloop
  endfacet
  facet normal 0.923077 0.384615 0
    outer loop
      vertex 1503.38 1150.91 250
      vertex 1503.03 1151.75 200
      vertex 1503.03 1151.75 250
    endloop
  endfacet
  facet normal 0.923077 0.384615 0
    outer loop
      vertex 1503.03 1151.75 200
      vertex 1503.38 1150.91 250
      vertex 1503.38 1150.91 200
    endloop
  endfacet
  facet normal 0.991417 0.130736 0
    outer loop
      vertex 1503.5 1150 250
      vertex 1503.38 1150.91 200
      vertex 1503.38 1150.91 250
    endloop
  endfacet
  facet normal 0.991417 0.130736 0
    outer loop
      vertex 1503.38 1150.91 200
      vertex 1503.5 1150 250
      vertex 1503.5 1150 200
    endloop
  endfacet
  facet normal -0.384615 0.923077 0
    outer loop
      vertex 1499.09 1153.38 200
      vertex 1498.25 1153.03 250
      vertex 1499.09 1153.38 250
    endloop
  endfacet
  facet normal -0.384615 0.923077 0
    outer loop
      vertex 1498.25 1153.03 250
      vertex 1499.09 1153.38 200
      vertex 1498.25 1153.03 200
    endloop
  endfacet
  facet normal 0.789352 0.613941 0
    outer loop
      vertex 1503.03 1151.75 250
      vertex 1502.47 1152.47 200
      vertex 1502.47 1152.47 250
    endloop
  endfacet
  facet normal 0.789352 0.613941 0
    outer loop
      vertex 1502.47 1152.47 200
      vertex 1503.03 1151.75 250
      vertex 1503.03 1151.75 200
    endloop
  endfacet
  facet normal 0.991417 -0.130736 0
    outer loop
      vertex 2103.38 1149.09 250
      vertex 2103.5 1150 200
      vertex 2103.5 1150 250
    endloop
  endfacet
  facet normal 0.991417 -0.130736 0
    outer loop
      vertex 2103.5 1150 200
      vertex 2103.38 1149.09 250
      vertex 2103.38 1149.09 200
    endloop
  endfacet
  facet normal 0.923077 -0.384615 0
    outer loop
      vertex 2103.03 1148.25 250
      vertex 2103.38 1149.09 200
      vertex 2103.38 1149.09 250
    endloop
  endfacet
  facet normal 0.923077 -0.384615 0
    outer loop
      vertex 2103.38 1149.09 200
      vertex 2103.03 1148.25 250
      vertex 2103.03 1148.25 200
    endloop
  endfacet
  facet normal -0.130736 -0.991417 0
    outer loop
      vertex 2099.09 1146.62 200
      vertex 2100 1146.5 250
      vertex 2099.09 1146.62 250
    endloop
  endfacet
  facet normal -0.130736 -0.991417 -0
    outer loop
      vertex 2100 1146.5 250
      vertex 2099.09 1146.62 200
      vertex 2100 1146.5 200
    endloop
  endfacet
  facet normal 0.384615 0.923077 -0
    outer loop
      vertex 2101.75 1153.03 200
      vertex 2100.91 1153.38 250
      vertex 2101.75 1153.03 250
    endloop
  endfacet
  facet normal 0.384615 0.923077 0
    outer loop
      vertex 2100.91 1153.38 250
      vertex 2101.75 1153.03 200
      vertex 2100.91 1153.38 200
    endloop
  endfacet
  facet normal 0.613941 -0.789352 0
    outer loop
      vertex 2101.75 1146.97 200
      vertex 2102.47 1147.53 250
      vertex 2101.75 1146.97 250
    endloop
  endfacet
  facet normal 0.613941 -0.789352 0
    outer loop
      vertex 2102.47 1147.53 250
      vertex 2101.75 1146.97 200
      vertex 2102.47 1147.53 200
    endloop
  endfacet
  facet normal -0.789352 -0.613941 0
    outer loop
      vertex 2097.53 1147.53 200
      vertex 2096.97 1148.25 250
      vertex 2096.97 1148.25 200
    endloop
  endfacet
  facet normal -0.789352 -0.613941 0
    outer loop
      vertex 2096.97 1148.25 250
      vertex 2097.53 1147.53 200
      vertex 2097.53 1147.53 250
    endloop
  endfacet
  facet normal -0.613941 -0.789352 0
    outer loop
      vertex 2097.53 1147.53 200
      vertex 2098.25 1146.97 250
      vertex 2097.53 1147.53 250
    endloop
  endfacet
  facet normal -0.613941 -0.789352 -0
    outer loop
      vertex 2098.25 1146.97 250
      vertex 2097.53 1147.53 200
      vertex 2098.25 1146.97 200
    endloop
  endfacet
  facet normal 0.613941 0.789352 -0
    outer loop
      vertex 2102.47 1152.47 200
      vertex 2101.75 1153.03 250
      vertex 2102.47 1152.47 250
    endloop
  endfacet
  facet normal 0.613941 0.789352 0
    outer loop
      vertex 2101.75 1153.03 250
      vertex 2102.47 1152.47 200
      vertex 2101.75 1153.03 200
    endloop
  endfacet
  facet normal 0.789352 -0.613941 0
    outer loop
      vertex 2102.47 1147.53 250
      vertex 2103.03 1148.25 200
      vertex 2103.03 1148.25 250
    endloop
  endfacet
  facet normal 0.789352 -0.613941 0
    outer loop
      vertex 2103.03 1148.25 200
      vertex 2102.47 1147.53 250
      vertex 2102.47 1147.53 200
    endloop
  endfacet
  facet normal 0.384615 -0.923077 0
    outer loop
      vertex 2100.91 1146.62 200
      vertex 2101.75 1146.97 250
      vertex 2100.91 1146.62 250
    endloop
  endfacet
  facet normal 0.384615 -0.923077 0
    outer loop
      vertex 2101.75 1146.97 250
      vertex 2100.91 1146.62 200
      vertex 2101.75 1146.97 200
    endloop
  endfacet
  facet normal -0.923077 -0.384615 0
    outer loop
      vertex 2096.97 1148.25 200
      vertex 2096.62 1149.09 250
      vertex 2096.62 1149.09 200
    endloop
  endfacet
  facet normal -0.923077 -0.384615 0
    outer loop
      vertex 2096.62 1149.09 250
      vertex 2096.97 1148.25 200
      vertex 2096.97 1148.25 250
    endloop
  endfacet
  facet normal -0.384615 -0.923077 0
    outer loop
      vertex 2098.25 1146.97 200
      vertex 2099.09 1146.62 250
      vertex 2098.25 1146.97 250
    endloop
  endfacet
  facet normal -0.384615 -0.923077 -0
    outer loop
      vertex 2099.09 1146.62 250
      vertex 2098.25 1146.97 200
      vertex 2099.09 1146.62 200
    endloop
  endfacet
  facet normal -0.923077 0.384615 0
    outer loop
      vertex 2096.62 1150.91 200
      vertex 2096.97 1151.75 250
      vertex 2096.97 1151.75 200
    endloop
  endfacet
  facet normal -0.923077 0.384615 0
    outer loop
      vertex 2096.97 1151.75 250
      vertex 2096.62 1150.91 200
      vertex 2096.62 1150.91 250
    endloop
  endfacet
  facet normal 0.130736 0.991417 -0
    outer loop
      vertex 2100.91 1153.38 200
      vertex 2100 1153.5 250
      vertex 2100.91 1153.38 250
    endloop
  endfacet
  facet normal 0.130736 0.991417 0
    outer loop
      vertex 2100 1153.5 250
      vertex 2100.91 1153.38 200
      vertex 2100 1153.5 200
    endloop
  endfacet
  facet normal 0.130736 -0.991417 0
    outer loop
      vertex 2100 1146.5 200
      vertex 2100.91 1146.62 250
      vertex 2100 1146.5 250
    endloop
  endfacet
  facet normal 0.130736 -0.991417 0
    outer loop
      vertex 2100.91 1146.62 250
      vertex 2100 1146.5 200
      vertex 2100.91 1146.62 200
    endloop
  endfacet
  facet normal -0.991417 -0.130736 0
    outer loop
      vertex 2096.62 1149.09 200
      vertex 2096.5 1150 250
      vertex 2096.5 1150 200
    endloop
  endfacet
  facet normal -0.991417 -0.130736 0
    outer loop
      vertex 2096.5 1150 250
      vertex 2096.62 1149.09 200
      vertex 2096.62 1149.09 250
    endloop
  endfacet
  facet normal -0.991417 0.130736 0
    outer loop
      vertex 2096.5 1150 200
      vertex 2096.62 1150.91 250
      vertex 2096.62 1150.91 200
    endloop
  endfacet
  facet normal -0.991417 0.130736 0
    outer loop
      vertex 2096.62 1150.91 250
      vertex 2096.5 1150 200
      vertex 2096.5 1150 250
    endloop
  endfacet
  facet normal -0.613941 0.789352 0
    outer loop
      vertex 2098.25 1153.03 200
      vertex 2097.53 1152.47 250
      vertex 2098.25 1153.03 250
    endloop
  endfacet
  facet normal -0.613941 0.789352 0
    outer loop
      vertex 2097.53 1152.47 250
      vertex 2098.25 1153.03 200
      vertex 2097.53 1152.47 200
    endloop
  endfacet
  facet normal -0.130736 0.991417 0
    outer loop
      vertex 2100 1153.5 200
      vertex 2099.09 1153.38 250
      vertex 2100 1153.5 250
    endloop
  endfacet
  facet normal -0.130736 0.991417 0
    outer loop
      vertex 2099.09 1153.38 250
      vertex 2100 1153.5 200
      vertex 2099.09 1153.38 200
    endloop
  endfacet
  facet normal -0.789352 0.613941 0
    outer loop
      vertex 2096.97 1151.75 200
      vertex 2097.53 1152.47 250
      vertex 2097.53 1152.47 200
    endloop
  endfacet
  facet normal -0.789352 0.613941 0
    outer loop
      vertex 2097.53 1152.47 250
      vertex 2096.97 1151.75 200
      vertex 2096.97 1151.75 250
    endloop
  endfacet
  facet normal 0.923077 0.384615 0
    outer loop
      vertex 2103.38 1150.91 250
      vertex 2103.03 1151.75 200
      vertex 2103.03 1151.75 250
    endloop
  endfacet
  facet normal 0.923077 0.384615 0
    outer loop
      vertex 2103.03 1151.75 200
      vertex 2103.38 1150.91 250
      vertex 2103.38 1150.91 200
    endloop
  endfacet
  facet normal 0.991417 0.130736 0
    outer loop
      vertex 2103.5 1150 250
      vertex 2103.38 1150.91 200
      vertex 2103.38 1150.91 250
    endloop
  endfacet
  facet normal 0.991417 0.130736 0
    outer loop
      vertex 2103.38 1150.91 200
      vertex 2103.5 1150 250
      vertex 2103.5 1150 200
    endloop
  endfacet
  facet normal -0.384615 0.923077 0
    outer loop
      vertex 2099.09 1153.38 200
      vertex 2098.25 1153.03 250
      vertex 2099.09 1153.38 250
    endloop
  endfacet
  facet normal -0.384615 0.923077 0
    outer loop
      vertex 2098.25 1153.03 250
      vertex 2099.09 1153.38 200
      vertex 2098.25 1153.03 200
    endloop
  endfacet
  facet normal 0.789352 0.613941 0
    outer loop
      vertex 2103.03 1151.75 250
      vertex 2102.47 1152.47 200
      vertex 2102.47 1152.47 250
    endloop
  endfacet
  facet normal 0.789352 0.613941 0
    outer loop
      vertex 2102.47 1152.47 200
      vertex 2103.03 1151.75 250
      vertex 2103.03 1151.75 200
    endloop
  endfacet
  facet normal 0.991482 -0.130242 0
    outer loop
      vertex 303.381 49.0941 250
      vertex 303.5 50 200
      vertex 303.5 50 250
    endloop
  endfacet
  facet normal 0.991482 -0.130242 0
    outer loop
      vertex 303.5 50 200
      vertex 303.381 49.0941 250
      vertex 303.381 49.0941 200
    endloop
  endfacet
  facet normal 0.923739 -0.383022 0
    outer loop
      vertex 303.031 48.25 250
      vertex 303.381 49.0941 200
      vertex 303.381 49.0941 250
    endloop
  endfacet
  facet normal 0.923739 -0.383022 0
    outer loop
      vertex 303.381 49.0941 200
      vertex 303.031 48.25 250
      vertex 303.031 48.25 200
    endloop
  endfacet
  facet normal -0.130551 -0.991442 0
    outer loop
      vertex 299.094 46.6193 200
      vertex 300 46.5 250
      vertex 299.094 46.6193 250
    endloop
  endfacet
  facet normal -0.130551 -0.991442 -0
    outer loop
      vertex 300 46.5 250
      vertex 299.094 46.6193 200
      vertex 300 46.5 200
    endloop
  endfacet
  facet normal 0.382687 0.923878 -0
    outer loop
      vertex 301.75 53.0311 200
      vertex 300.906 53.3807 250
      vertex 301.75 53.0311 250
    endloop
  endfacet
  facet normal 0.382687 0.923878 0
    outer loop
      vertex 300.906 53.3807 250
      vertex 301.75 53.0311 200
      vertex 300.906 53.3807 200
    endloop
  endfacet
  facet normal 0.608684 -0.793413 0
    outer loop
      vertex 301.75 46.9689 200
      vertex 302.475 47.5251 250
      vertex 301.75 46.9689 250
    endloop
  endfacet
  facet normal 0.608684 -0.793413 0
    outer loop
      vertex 302.475 47.5251 250
      vertex 301.75 46.9689 200
      vertex 302.475 47.5251 200
    endloop
  endfacet
  facet normal -0.793478 -0.608599 0
    outer loop
      vertex 297.525 47.5251 200
      vertex 296.969 48.25 250
      vertex 296.969 48.25 200
    endloop
  endfacet
  facet normal -0.793478 -0.608599 0
    outer loop
      vertex 296.969 48.25 250
      vertex 297.525 47.5251 200
      vertex 297.525 47.5251 250
    endloop
  endfacet
  facet normal -0.608684 -0.793413 0
    outer loop
      vertex 297.525 47.5251 200
      vertex 298.25 46.9689 250
      vertex 297.525 47.5251 250
    endloop
  endfacet
  facet normal -0.608684 -0.793413 -0
    outer loop
      vertex 298.25 46.9689 250
      vertex 297.525 47.5251 200
      vertex 298.25 46.9689 200
    endloop
  endfacet
  facet normal 0.608684 0.793413 -0
    outer loop
      vertex 302.475 52.4749 200
      vertex 301.75 53.0311 250
      vertex 302.475 52.4749 250
    endloop
  endfacet
  facet normal 0.608684 0.793413 0
    outer loop
      vertex 301.75 53.0311 250
      vertex 302.475 52.4749 200
      vertex 301.75 53.0311 200
    endloop
  endfacet
  facet normal 0.793478 -0.608599 0
    outer loop
      vertex 302.475 47.5251 250
      vertex 303.031 48.25 200
      vertex 303.031 48.25 250
    endloop
  endfacet
  facet normal 0.793478 -0.608599 0
    outer loop
      vertex 303.031 48.25 200
      vertex 302.475 47.5251 250
      vertex 302.475 47.5251 200
    endloop
  endfacet
  facet normal 0.382687 -0.923878 0
    outer loop
      vertex 300.906 46.6193 200
      vertex 301.75 46.9689 250
      vertex 300.906 46.6193 250
    endloop
  endfacet
  facet normal 0.382687 -0.923878 0
    outer loop
      vertex 301.75 46.9689 250
      vertex 300.906 46.6193 200
      vertex 301.75 46.9689 200
    endloop
  endfacet
  facet normal -0.923739 -0.383022 0
    outer loop
      vertex 296.969 48.25 200
      vertex 296.619 49.0941 250
      vertex 296.619 49.0941 200
    endloop
  endfacet
  facet normal -0.923739 -0.383022 0
    outer loop
      vertex 296.619 49.0941 250
      vertex 296.969 48.25 200
      vertex 296.969 48.25 250
    endloop
  endfacet
  facet normal -0.382687 -0.923878 0
    outer loop
      vertex 298.25 46.9689 200
      vertex 299.094 46.6193 250
      vertex 298.25 46.9689 250
    endloop
  endfacet
  facet normal -0.382687 -0.923878 -0
    outer loop
      vertex 299.094 46.6193 250
      vertex 298.25 46.9689 200
      vertex 299.094 46.6193 200
    endloop
  endfacet
  facet normal -0.923739 0.383022 0
    outer loop
      vertex 296.619 50.9059 200
      vertex 296.969 51.75 250
      vertex 296.969 51.75 200
    endloop
  endfacet
  facet normal -0.923739 0.383022 0
    outer loop
      vertex 296.969 51.75 250
      vertex 296.619 50.9059 200
      vertex 296.619 50.9059 250
    endloop
  endfacet
  facet normal 0.130551 0.991442 -0
    outer loop
      vertex 300.906 53.3807 200
      vertex 300 53.5 250
      vertex 300.906 53.3807 250
    endloop
  endfacet
  facet normal 0.130551 0.991442 0
    outer loop
      vertex 300 53.5 250
      vertex 300.906 53.3807 200
      vertex 300 53.5 200
    endloop
  endfacet
  facet normal 0.130551 -0.991442 0
    outer loop
      vertex 300 46.5 200
      vertex 300.906 46.6193 250
      vertex 300 46.5 250
    endloop
  endfacet
  facet normal 0.130551 -0.991442 0
    outer loop
      vertex 300.906 46.6193 250
      vertex 300 46.5 200
      vertex 300.906 46.6193 200
    endloop
  endfacet
  facet normal -0.991482 -0.130242 0
    outer loop
      vertex 296.619 49.0941 200
      vertex 296.5 50 250
      vertex 296.5 50 200
    endloop
  endfacet
  facet normal -0.991482 -0.130242 0
    outer loop
      vertex 296.5 50 250
      vertex 296.619 49.0941 200
      vertex 296.619 49.0941 250
    endloop
  endfacet
  facet normal -0.991482 0.130242 0
    outer loop
      vertex 296.5 50 200
      vertex 296.619 50.9059 250
      vertex 296.619 50.9059 200
    endloop
  endfacet
  facet normal -0.991482 0.130242 0
    outer loop
      vertex 296.619 50.9059 250
      vertex 296.5 50 200
      vertex 296.5 50 250
    endloop
  endfacet
  facet normal -0.608684 0.793413 0
    outer loop
      vertex 298.25 53.0311 200
      vertex 297.525 52.4749 250
      vertex 298.25 53.0311 250
    endloop
  endfacet
  facet normal -0.608684 0.793413 0
    outer loop
      vertex 297.525 52.4749 250
      vertex 298.25 53.0311 200
      vertex 297.525 52.4749 200
    endloop
  endfacet
  facet normal -0.130551 0.991442 0
    outer loop
      vertex 300 53.5 200
      vertex 299.094 53.3807 250
      vertex 300 53.5 250
    endloop
  endfacet
  facet normal -0.130551 0.991442 0
    outer loop
      vertex 299.094 53.3807 250
      vertex 300 53.5 200
      vertex 299.094 53.3807 200
    endloop
  endfacet
  facet normal -0.793478 0.608599 0
    outer loop
      vertex 296.969 51.75 200
      vertex 297.525 52.4749 250
      vertex 297.525 52.4749 200
    endloop
  endfacet
  facet normal -0.793478 0.608599 0
    outer loop
      vertex 297.525 52.4749 250
      vertex 296.969 51.75 200
      vertex 296.969 51.75 250
    endloop
  endfacet
  facet normal 0.923739 0.383022 0
    outer loop
      vertex 303.381 50.9059 250
      vertex 303.031 51.75 200
      vertex 303.031 51.75 250
    endloop
  endfacet
  facet normal 0.923739 0.383022 0
    outer loop
      vertex 303.031 51.75 200
      vertex 303.381 50.9059 250
      vertex 303.381 50.9059 200
    endloop
  endfacet
  facet normal 0.991482 0.130242 0
    outer loop
      vertex 303.5 50 250
      vertex 303.381 50.9059 200
      vertex 303.381 50.9059 250
    endloop
  endfacet
  facet normal 0.991482 0.130242 0
    outer loop
      vertex 303.381 50.9059 200
      vertex 303.5 50 250
      vertex 303.5 50 200
    endloop
  endfacet
  facet normal -0.382687 0.923878 0
    outer loop
      vertex 299.094 53.3807 200
      vertex 298.25 53.0311 250
      vertex 299.094 53.3807 250
    endloop
  endfacet
  facet normal -0.382687 0.923878 0
    outer loop
      vertex 298.25 53.0311 250
      vertex 299.094 53.3807 200
      vertex 298.25 53.0311 200
    endloop
  endfacet
  facet normal 0.793478 0.608599 0
    outer loop
      vertex 303.031 51.75 250
      vertex 302.475 52.4749 200
      vertex 302.475 52.4749 250
    endloop
  endfacet
  facet normal 0.793478 0.608599 0
    outer loop
      vertex 302.475 52.4749 200
      vertex 303.031 51.75 250
      vertex 303.031 51.75 200
    endloop
  endfacet
  facet normal 0.991482 -0.130242 0
    outer loop
      vertex 903.381 49.0941 250
      vertex 903.5 50 200
      vertex 903.5 50 250
    endloop
  endfacet
  facet normal 0.991482 -0.130242 0
    outer loop
      vertex 903.5 50 200
      vertex 903.381 49.0941 250
      vertex 903.381 49.0941 200
    endloop
  endfacet
  facet normal 0.923739 -0.383022 0
    outer loop
      vertex 903.031 48.25 250
      vertex 903.381 49.0941 200
      vertex 903.381 49.0941 250
    endloop
  endfacet
  facet normal 0.923739 -0.383022 0
    outer loop
      vertex 903.381 49.0941 200
      vertex 903.031 48.25 250
      vertex 903.031 48.25 200
    endloop
  endfacet
  facet normal -0.130551 -0.991442 0
    outer loop
      vertex 899.094 46.6193 200
      vertex 900 46.5 250
      vertex 899.094 46.6193 250
    endloop
  endfacet
  facet normal -0.130551 -0.991442 -0
    outer loop
      vertex 900 46.5 250
      vertex 899.094 46.6193 200
      vertex 900 46.5 200
    endloop
  endfacet
  facet normal 0.382687 0.923878 -0
    outer loop
      vertex 901.75 53.0311 200
      vertex 900.906 53.3807 250
      vertex 901.75 53.0311 250
    endloop
  endfacet
  facet normal 0.382687 0.923878 0
    outer loop
      vertex 900.906 53.3807 250
      vertex 901.75 53.0311 200
      vertex 900.906 53.3807 200
    endloop
  endfacet
  facet normal 0.608684 -0.793413 0
    outer loop
      vertex 901.75 46.9689 200
      vertex 902.475 47.5251 250
      vertex 901.75 46.9689 250
    endloop
  endfacet
  facet normal 0.608684 -0.793413 0
    outer loop
      vertex 902.475 47.5251 250
      vertex 901.75 46.9689 200
      vertex 902.475 47.5251 200
    endloop
  endfacet
  facet normal -0.793478 -0.608599 0
    outer loop
      vertex 897.525 47.5251 200
      vertex 896.969 48.25 250
      vertex 896.969 48.25 200
    endloop
  endfacet
  facet normal -0.793478 -0.608599 0
    outer loop
      vertex 896.969 48.25 250
      vertex 897.525 47.5251 200
      vertex 897.525 47.5251 250
    endloop
  endfacet
  facet normal -0.608684 -0.793413 0
    outer loop
      vertex 897.525 47.5251 200
      vertex 898.25 46.9689 250
      vertex 897.525 47.5251 250
    endloop
  endfacet
  facet normal -0.608684 -0.793413 -0
    outer loop
      vertex 898.25 46.9689 250
      vertex 897.525 47.5251 200
      vertex 898.25 46.9689 200
    endloop
  endfacet
  facet normal 0.608684 0.793413 -0
    outer loop
      vertex 902.475 52.4749 200
      vertex 901.75 53.0311 250
      vertex 902.475 52.4749 250
    endloop
  endfacet
  facet normal 0.608684 0.793413 0
    outer loop
      vertex 901.75 53.0311 250
      vertex 902.475 52.4749 200
      vertex 901.75 53.0311 200
    endloop
  endfacet
  facet normal 0.793478 -0.608599 0
    outer loop
      vertex 902.475 47.5251 250
      vertex 903.031 48.25 200
      vertex 903.031 48.25 250
    endloop
  endfacet
  facet normal 0.793478 -0.608599 0
    outer loop
      vertex 903.031 48.25 200
      vertex 902.475 47.5251 250
      vertex 902.475 47.5251 200
    endloop
  endfacet
  facet normal 0.382687 -0.923878 0
    outer loop
      vertex 900.906 46.6193 200
      vertex 901.75 46.9689 250
      vertex 900.906 46.6193 250
    endloop
  endfacet
  facet normal 0.382687 -0.923878 0
    outer loop
      vertex 901.75 46.9689 250
      vertex 900.906 46.6193 200
      vertex 901.75 46.9689 200
    endloop
  endfacet
  facet normal -0.923739 -0.383022 0
    outer loop
      vertex 896.969 48.25 200
      vertex 896.619 49.0941 250
      vertex 896.619 49.0941 200
    endloop
  endfacet
  facet normal -0.923739 -0.383022 0
    outer loop
      vertex 896.619 49.0941 250
      vertex 896.969 48.25 200
      vertex 896.969 48.25 250
    endloop
  endfacet
  facet normal -0.382687 -0.923878 0
    outer loop
      vertex 898.25 46.9689 200
      vertex 899.094 46.6193 250
      vertex 898.25 46.9689 250
    endloop
  endfacet
  facet normal -0.382687 -0.923878 -0
    outer loop
      vertex 899.094 46.6193 250
      vertex 898.25 46.9689 200
      vertex 899.094 46.6193 200
    endloop
  endfacet
  facet normal -0.923739 0.383022 0
    outer loop
      vertex 896.619 50.9059 200
      vertex 896.969 51.75 250
      vertex 896.969 51.75 200
    endloop
  endfacet
  facet normal -0.923739 0.383022 0
    outer loop
      vertex 896.969 51.75 250
      vertex 896.619 50.9059 200
      vertex 896.619 50.9059 250
    endloop
  endfacet
  facet normal 0.130551 0.991442 -0
    outer loop
      vertex 900.906 53.3807 200
      vertex 900 53.5 250
      vertex 900.906 53.3807 250
    endloop
  endfacet
  facet normal 0.130551 0.991442 0
    outer loop
      vertex 900 53.5 250
      vertex 900.906 53.3807 200
      vertex 900 53.5 200
    endloop
  endfacet
  facet normal 0.130551 -0.991442 0
    outer loop
      vertex 900 46.5 200
      vertex 900.906 46.6193 250
      vertex 900 46.5 250
    endloop
  endfacet
  facet normal 0.130551 -0.991442 0
    outer loop
      vertex 900.906 46.6193 250
      vertex 900 46.5 200
      vertex 900.906 46.6193 200
    endloop
  endfacet
  facet normal -0.991482 -0.130242 0
    outer loop
      vertex 896.619 49.0941 200
      vertex 896.5 50 250
      vertex 896.5 50 200
    endloop
  endfacet
  facet normal -0.991482 -0.130242 0
    outer loop
      vertex 896.5 50 250
      vertex 896.619 49.0941 200
      vertex 896.619 49.0941 250
    endloop
  endfacet
  facet normal -0.991482 0.130242 0
    outer loop
      vertex 896.5 50 200
      vertex 896.619 50.9059 250
      vertex 896.619 50.9059 200
    endloop
  endfacet
  facet normal -0.991482 0.130242 0
    outer loop
      vertex 896.619 50.9059 250
      vertex 896.5 50 200
      vertex 896.5 50 250
    endloop
  endfacet
  facet normal -0.608684 0.793413 0
    outer loop
      vertex 898.25 53.0311 200
      vertex 897.525 52.4749 250
      vertex 898.25 53.0311 250
    endloop
  endfacet
  facet normal -0.608684 0.793413 0
    outer loop
      vertex 897.525 52.4749 250
      vertex 898.25 53.0311 200
      vertex 897.525 52.4749 200
    endloop
  endfacet
  facet normal -0.130551 0.991442 0
    outer loop
      vertex 900 53.5 200
      vertex 899.094 53.3807 250
      vertex 900 53.5 250
    endloop
  endfacet
  facet normal -0.130551 0.991442 0
    outer loop
      vertex 899.094 53.3807 250
      vertex 900 53.5 200
      vertex 899.094 53.3807 200
    endloop
  endfacet
  facet normal -0.793478 0.608599 0
    outer loop
      vertex 896.969 51.75 200
      vertex 897.525 52.4749 250
      vertex 897.525 52.4749 200
    endloop
  endfacet
  facet normal -0.793478 0.608599 0
    outer loop
      vertex 897.525 52.4749 250
      vertex 896.969 51.75 200
      vertex 896.969 51.75 250
    endloop
  endfacet
  facet normal 0.923739 0.383022 0
    outer loop
      vertex 903.381 50.9059 250
      vertex 903.031 51.75 200
      vertex 903.031 51.75 250
    endloop
  endfacet
  facet normal 0.923739 0.383022 0
    outer loop
      vertex 903.031 51.75 200
      vertex 903.381 50.9059 250
      vertex 903.381 50.9059 200
    endloop
  endfacet
  facet normal 0.991482 0.130242 0
    outer loop
      vertex 903.5 50 250
      vertex 903.381 50.9059 200
      vertex 903.381 50.9059 250
    endloop
  endfacet
  facet normal 0.991482 0.130242 0
    outer loop
      vertex 903.381 50.9059 200
      vertex 903.5 50 250
      vertex 903.5 50 200
    endloop
  endfacet
  facet normal -0.382687 0.923878 0
    outer loop
      vertex 899.094 53.3807 200
      vertex 898.25 53.0311 250
      vertex 899.094 53.3807 250
    endloop
  endfacet
  facet normal -0.382687 0.923878 0
    outer loop
      vertex 898.25 53.0311 250
      vertex 899.094 53.3807 200
      vertex 898.25 53.0311 200
    endloop
  endfacet
  facet normal 0.793478 0.608599 0
    outer loop
      vertex 903.031 51.75 250
      vertex 902.475 52.4749 200
      vertex 902.475 52.4749 250
    endloop
  endfacet
  facet normal 0.793478 0.608599 0
    outer loop
      vertex 902.475 52.4749 200
      vertex 903.031 51.75 250
      vertex 903.031 51.75 200
    endloop
  endfacet
  facet normal 0.99134 -0.131318 0
    outer loop
      vertex 1503.38 49.0941 250
      vertex 1503.5 50 200
      vertex 1503.5 50 250
    endloop
  endfacet
  facet normal 0.99134 -0.131318 0
    outer loop
      vertex 1503.5 50 200
      vertex 1503.38 49.0941 250
      vertex 1503.38 49.0941 200
    endloop
  endfacet
  facet normal 0.923739 -0.383022 0
    outer loop
      vertex 1503.03 48.25 250
      vertex 1503.38 49.0941 200
      vertex 1503.38 49.0941 250
    endloop
  endfacet
  facet normal 0.923739 -0.383022 0
    outer loop
      vertex 1503.38 49.0941 200
      vertex 1503.03 48.25 250
      vertex 1503.03 48.25 200
    endloop
  endfacet
  facet normal -0.129987 -0.991516 0
    outer loop
      vertex 1499.09 46.6193 200
      vertex 1500 46.5 250
      vertex 1499.09 46.6193 250
    endloop
  endfacet
  facet normal -0.129987 -0.991516 -0
    outer loop
      vertex 1500 46.5 250
      vertex 1499.09 46.6193 200
      vertex 1500 46.5 200
    endloop
  endfacet
  facet normal 0.384241 0.923233 -0
    outer loop
      vertex 1501.75 53.0311 200
      vertex 1500.91 53.3807 250
      vertex 1501.75 53.0311 250
    endloop
  endfacet
  facet normal 0.384241 0.923233 0
    outer loop
      vertex 1500.91 53.3807 250
      vertex 1501.75 53.0311 200
      vertex 1500.91 53.3807 200
    endloop
  endfacet
  facet normal 0.611335 -0.791372 0
    outer loop
      vertex 1501.75 46.9689 200
      vertex 1502.47 47.5251 250
      vertex 1501.75 46.9689 250
    endloop
  endfacet
  facet normal 0.611335 -0.791372 0
    outer loop
      vertex 1502.47 47.5251 250
      vertex 1501.75 46.9689 200
      vertex 1502.47 47.5251 200
    endloop
  endfacet
  facet normal -0.791364 -0.611345 0
    outer loop
      vertex 1497.53 47.5251 200
      vertex 1496.97 48.25 250
      vertex 1496.97 48.25 200
    endloop
  endfacet
  facet normal -0.791364 -0.611345 0
    outer loop
      vertex 1496.97 48.25 250
      vertex 1497.53 47.5251 200
      vertex 1497.53 47.5251 250
    endloop
  endfacet
  facet normal -0.611335 -0.791372 0
    outer loop
      vertex 1497.53 47.5251 200
      vertex 1498.25 46.9689 250
      vertex 1497.53 47.5251 250
    endloop
  endfacet
  facet normal -0.611335 -0.791372 -0
    outer loop
      vertex 1498.25 46.9689 250
      vertex 1497.53 47.5251 200
      vertex 1498.25 46.9689 200
    endloop
  endfacet
  facet normal 0.611335 0.791372 -0
    outer loop
      vertex 1502.47 52.4749 200
      vertex 1501.75 53.0311 250
      vertex 1502.47 52.4749 250
    endloop
  endfacet
  facet normal 0.611335 0.791372 0
    outer loop
      vertex 1501.75 53.0311 250
      vertex 1502.47 52.4749 200
      vertex 1501.75 53.0311 200
    endloop
  endfacet
  facet normal 0.791364 -0.611345 0
    outer loop
      vertex 1502.47 47.5251 250
      vertex 1503.03 48.25 200
      vertex 1503.03 48.25 250
    endloop
  endfacet
  facet normal 0.791364 -0.611345 0
    outer loop
      vertex 1503.03 48.25 200
      vertex 1502.47 47.5251 250
      vertex 1502.47 47.5251 200
    endloop
  endfacet
  facet normal 0.384241 -0.923233 0
    outer loop
      vertex 1500.91 46.6193 200
      vertex 1501.75 46.9689 250
      vertex 1500.91 46.6193 250
    endloop
  endfacet
  facet normal 0.384241 -0.923233 0
    outer loop
      vertex 1501.75 46.9689 250
      vertex 1500.91 46.6193 200
      vertex 1501.75 46.9689 200
    endloop
  endfacet
  facet normal -0.923739 -0.383022 0
    outer loop
      vertex 1496.97 48.25 200
      vertex 1496.62 49.0941 250
      vertex 1496.62 49.0941 200
    endloop
  endfacet
  facet normal -0.923739 -0.383022 0
    outer loop
      vertex 1496.62 49.0941 250
      vertex 1496.97 48.25 200
      vertex 1496.97 48.25 250
    endloop
  endfacet
  facet normal -0.384241 -0.923233 0
    outer loop
      vertex 1498.25 46.9689 200
      vertex 1499.09 46.6193 250
      vertex 1498.25 46.9689 250
    endloop
  endfacet
  facet normal -0.384241 -0.923233 -0
    outer loop
      vertex 1499.09 46.6193 250
      vertex 1498.25 46.9689 200
      vertex 1499.09 46.6193 200
    endloop
  endfacet
  facet normal -0.923739 0.383022 0
    outer loop
      vertex 1496.62 50.9059 200
      vertex 1496.97 51.75 250
      vertex 1496.97 51.75 200
    endloop
  endfacet
  facet normal -0.923739 0.383022 0
    outer loop
      vertex 1496.97 51.75 250
      vertex 1496.62 50.9059 200
      vertex 1496.62 50.9059 250
    endloop
  endfacet
  facet normal 0.129987 0.991516 -0
    outer loop
      vertex 1500.91 53.3807 200
      vertex 1500 53.5 250
      vertex 1500.91 53.3807 250
    endloop
  endfacet
  facet normal 0.129987 0.991516 0
    outer loop
      vertex 1500 53.5 250
      vertex 1500.91 53.3807 200
      vertex 1500 53.5 200
    endloop
  endfacet
  facet normal 0.129987 -0.991516 0
    outer loop
      vertex 1500 46.5 200
      vertex 1500.91 46.6193 250
      vertex 1500 46.5 250
    endloop
  endfacet
  facet normal 0.129987 -0.991516 0
    outer loop
      vertex 1500.91 46.6193 250
      vertex 1500 46.5 200
      vertex 1500.91 46.6193 200
    endloop
  endfacet
  facet normal -0.99134 -0.131318 0
    outer loop
      vertex 1496.62 49.0941 200
      vertex 1496.5 50 250
      vertex 1496.5 50 200
    endloop
  endfacet
  facet normal -0.99134 -0.131318 0
    outer loop
      vertex 1496.5 50 250
      vertex 1496.62 49.0941 200
      vertex 1496.62 49.0941 250
    endloop
  endfacet
  facet normal -0.99134 0.131318 0
    outer loop
      vertex 1496.5 50 200
      vertex 1496.62 50.9059 250
      vertex 1496.62 50.9059 200
    endloop
  endfacet
  facet normal -0.99134 0.131318 0
    outer loop
      vertex 1496.62 50.9059 250
      vertex 1496.5 50 200
      vertex 1496.5 50 250
    endloop
  endfacet
  facet normal -0.611335 0.791372 0
    outer loop
      vertex 1498.25 53.0311 200
      vertex 1497.53 52.4749 250
      vertex 1498.25 53.0311 250
    endloop
  endfacet
  facet normal -0.611335 0.791372 0
    outer loop
      vertex 1497.53 52.4749 250
      vertex 1498.25 53.0311 200
      vertex 1497.53 52.4749 200
    endloop
  endfacet
  facet normal -0.129987 0.991516 0
    outer loop
      vertex 1500 53.5 200
      vertex 1499.09 53.3807 250
      vertex 1500 53.5 250
    endloop
  endfacet
  facet normal -0.129987 0.991516 0
    outer loop
      vertex 1499.09 53.3807 250
      vertex 1500 53.5 200
      vertex 1499.09 53.3807 200
    endloop
  endfacet
  facet normal -0.791364 0.611345 0
    outer loop
      vertex 1496.97 51.75 200
      vertex 1497.53 52.4749 250
      vertex 1497.53 52.4749 200
    endloop
  endfacet
  facet normal -0.791364 0.611345 0
    outer loop
      vertex 1497.53 52.4749 250
      vertex 1496.97 51.75 200
      vertex 1496.97 51.75 250
    endloop
  endfacet
  facet normal 0.923739 0.383022 0
    outer loop
      vertex 1503.38 50.9059 250
      vertex 1503.03 51.75 200
      vertex 1503.03 51.75 250
    endloop
  endfacet
  facet normal 0.923739 0.383022 0
    outer loop
      vertex 1503.03 51.75 200
      vertex 1503.38 50.9059 250
      vertex 1503.38 50.9059 200
    endloop
  endfacet
  facet normal 0.99134 0.131318 0
    outer loop
      vertex 1503.5 50 250
      vertex 1503.38 50.9059 200
      vertex 1503.38 50.9059 250
    endloop
  endfacet
  facet normal 0.99134 0.131318 0
    outer loop
      vertex 1503.38 50.9059 200
      vertex 1503.5 50 250
      vertex 1503.5 50 200
    endloop
  endfacet
  facet normal -0.384241 0.923233 0
    outer loop
      vertex 1499.09 53.3807 200
      vertex 1498.25 53.0311 250
      vertex 1499.09 53.3807 250
    endloop
  endfacet
  facet normal -0.384241 0.923233 0
    outer loop
      vertex 1498.25 53.0311 250
      vertex 1499.09 53.3807 200
      vertex 1498.25 53.0311 200
    endloop
  endfacet
  facet normal 0.791364 0.611345 0
    outer loop
      vertex 1503.03 51.75 250
      vertex 1502.47 52.4749 200
      vertex 1502.47 52.4749 250
    endloop
  endfacet
  facet normal 0.791364 0.611345 0
    outer loop
      vertex 1502.47 52.4749 200
      vertex 1503.03 51.75 250
      vertex 1503.03 51.75 200
    endloop
  endfacet
  facet normal 0.99134 -0.131318 0
    outer loop
      vertex 2103.38 49.0941 250
      vertex 2103.5 50 200
      vertex 2103.5 50 250
    endloop
  endfacet
  facet normal 0.99134 -0.131318 0
    outer loop
      vertex 2103.5 50 200
      vertex 2103.38 49.0941 250
      vertex 2103.38 49.0941 200
    endloop
  endfacet
  facet normal 0.923739 -0.383022 0
    outer loop
      vertex 2103.03 48.25 250
      vertex 2103.38 49.0941 200
      vertex 2103.38 49.0941 250
    endloop
  endfacet
  facet normal 0.923739 -0.383022 0
    outer loop
      vertex 2103.38 49.0941 200
      vertex 2103.03 48.25 250
      vertex 2103.03 48.25 200
    endloop
  endfacet
  facet normal -0.129987 -0.991516 0
    outer loop
      vertex 2099.09 46.6193 200
      vertex 2100 46.5 250
      vertex 2099.09 46.6193 250
    endloop
  endfacet
  facet normal -0.129987 -0.991516 -0
    outer loop
      vertex 2100 46.5 250
      vertex 2099.09 46.6193 200
      vertex 2100 46.5 200
    endloop
  endfacet
  facet normal 0.384241 0.923233 -0
    outer loop
      vertex 2101.75 53.0311 200
      vertex 2100.91 53.3807 250
      vertex 2101.75 53.0311 250
    endloop
  endfacet
  facet normal 0.384241 0.923233 0
    outer loop
      vertex 2100.91 53.3807 250
      vertex 2101.75 53.0311 200
      vertex 2100.91 53.3807 200
    endloop
  endfacet
  facet normal 0.611335 -0.791372 0
    outer loop
      vertex 2101.75 46.9689 200
      vertex 2102.47 47.5251 250
      vertex 2101.75 46.9689 250
    endloop
  endfacet
  facet normal 0.611335 -0.791372 0
    outer loop
      vertex 2102.47 47.5251 250
      vertex 2101.75 46.9689 200
      vertex 2102.47 47.5251 200
    endloop
  endfacet
  facet normal -0.791364 -0.611345 0
    outer loop
      vertex 2097.53 47.5251 200
      vertex 2096.97 48.25 250
      vertex 2096.97 48.25 200
    endloop
  endfacet
  facet normal -0.791364 -0.611345 0
    outer loop
      vertex 2096.97 48.25 250
      vertex 2097.53 47.5251 200
      vertex 2097.53 47.5251 250
    endloop
  endfacet
  facet normal -0.611335 -0.791372 0
    outer loop
      vertex 2097.53 47.5251 200
      vertex 2098.25 46.9689 250
      vertex 2097.53 47.5251 250
    endloop
  endfacet
  facet normal -0.611335 -0.791372 -0
    outer loop
      vertex 2098.25 46.9689 250
      vertex 2097.53 47.5251 200
      vertex 2098.25 46.9689 200
    endloop
  endfacet
  facet normal 0.611335 0.791372 -0
    outer loop
      vertex 2102.47 52.4749 200
      vertex 2101.75 53.0311 250
      vertex 2102.47 52.4749 250
    endloop
  endfacet
  facet normal 0.611335 0.791372 0
    outer loop
      vertex 2101.75 53.0311 250
      vertex 2102.47 52.4749 200
      vertex 2101.75 53.0311 200
    endloop
  endfacet
  facet normal 0.791364 -0.611345 0
    outer loop
      vertex 2102.47 47.5251 250
      vertex 2103.03 48.25 200
      vertex 2103.03 48.25 250
    endloop
  endfacet
  facet normal 0.791364 -0.611345 0
    outer loop
      vertex 2103.03 48.25 200
      vertex 2102.47 47.5251 250
      vertex 2102.47 47.5251 200
    endloop
  endfacet
  facet normal 0.384241 -0.923233 0
    outer loop
      vertex 2100.91 46.6193 200
      vertex 2101.75 46.9689 250
      vertex 2100.91 46.6193 250
    endloop
  endfacet
  facet normal 0.384241 -0.923233 0
    outer loop
      vertex 2101.75 46.9689 250
      vertex 2100.91 46.6193 200
      vertex 2101.75 46.9689 200
    endloop
  endfacet
  facet normal -0.923739 -0.383022 0
    outer loop
      vertex 2096.97 48.25 200
      vertex 2096.62 49.0941 250
      vertex 2096.62 49.0941 200
    endloop
  endfacet
  facet normal -0.923739 -0.383022 0
    outer loop
      vertex 2096.62 49.0941 250
      vertex 2096.97 48.25 200
      vertex 2096.97 48.25 250
    endloop
  endfacet
  facet normal -0.384241 -0.923233 0
    outer loop
      vertex 2098.25 46.9689 200
      vertex 2099.09 46.6193 250
      vertex 2098.25 46.9689 250
    endloop
  endfacet
  facet normal -0.384241 -0.923233 -0
    outer loop
      vertex 2099.09 46.6193 250
      vertex 2098.25 46.9689 200
      vertex 2099.09 46.6193 200
    endloop
  endfacet
  facet normal -0.923739 0.383022 0
    outer loop
      vertex 2096.62 50.9059 200
      vertex 2096.97 51.75 250
      vertex 2096.97 51.75 200
    endloop
  endfacet
  facet normal -0.923739 0.383022 0
    outer loop
      vertex 2096.97 51.75 250
      vertex 2096.62 50.9059 200
      vertex 2096.62 50.9059 250
    endloop
  endfacet
  facet normal 0.129987 0.991516 -0
    outer loop
      vertex 2100.91 53.3807 200
      vertex 2100 53.5 250
      vertex 2100.91 53.3807 250
    endloop
  endfacet
  facet normal 0.129987 0.991516 0
    outer loop
      vertex 2100 53.5 250
      vertex 2100.91 53.3807 200
      vertex 2100 53.5 200
    endloop
  endfacet
  facet normal 0.129987 -0.991516 0
    outer loop
      vertex 2100 46.5 200
      vertex 2100.91 46.6193 250
      vertex 2100 46.5 250
    endloop
  endfacet
  facet normal 0.129987 -0.991516 0
    outer loop
      vertex 2100.91 46.6193 250
      vertex 2100 46.5 200
      vertex 2100.91 46.6193 200
    endloop
  endfacet
  facet normal -0.99134 -0.131318 0
    outer loop
      vertex 2096.62 49.0941 200
      vertex 2096.5 50 250
      vertex 2096.5 50 200
    endloop
  endfacet
  facet normal -0.99134 -0.131318 0
    outer loop
      vertex 2096.5 50 250
      vertex 2096.62 49.0941 200
      vertex 2096.62 49.0941 250
    endloop
  endfacet
  facet normal -0.99134 0.131318 0
    outer loop
      vertex 2096.5 50 200
      vertex 2096.62 50.9059 250
      vertex 2096.62 50.9059 200
    endloop
  endfacet
  facet normal -0.99134 0.131318 0
    outer loop
      vertex 2096.62 50.9059 250
      vertex 2096.5 50 200
      vertex 2096.5 50 250
    endloop
  endfacet
  facet normal -0.611335 0.791372 0
    outer loop
      vertex 2098.25 53.0311 200
      vertex 2097.53 52.4749 250
      vertex 2098.25 53.0311 250
    endloop
  endfacet
  facet normal -0.611335 0.791372 0
    outer loop
      vertex 2097.53 52.4749 250
      vertex 2098.25 53.0311 200
      vertex 2097.53 52.4749 200
    endloop
  endfacet
  facet normal -0.129987 0.991516 0
    outer loop
      vertex 2100 53.5 200
      vertex 2099.09 53.3807 250
      vertex 2100 53.5 250
    endloop
  endfacet
  facet normal -0.129987 0.991516 0
    outer loop
      vertex 2099.09 53.3807 250
      vertex 2100 53.5 200
      vertex 2099.09 53.3807 200
    endloop
  endfacet
  facet normal -0.791364 0.611345 0
    outer loop
      vertex 2096.97 51.75 200
      vertex 2097.53 52.4749 250
      vertex 2097.53 52.4749 200
    endloop
  endfacet
  facet normal -0.791364 0.611345 0
    outer loop
      vertex 2097.53 52.4749 250
      vertex 2096.97 51.75 200
      vertex 2096.97 51.75 250
    endloop
  endfacet
  facet normal 0.923739 0.383022 0
    outer loop
      vertex 2103.38 50.9059 250
      vertex 2103.03 51.75 200
      vertex 2103.03 51.75 250
    endloop
  endfacet
  facet normal 0.923739 0.383022 0
    outer loop
      vertex 2103.03 51.75 200
      vertex 2103.38 50.9059 250
      vertex 2103.38 50.9059 200
    endloop
  endfacet
  facet normal 0.99134 0.131318 0
    outer loop
      vertex 2103.5 50 250
      vertex 2103.38 50.9059 200
      vertex 2103.38 50.9059 250
    endloop
  endfacet
  facet normal 0.99134 0.131318 0
    outer loop
      vertex 2103.38 50.9059 200
      vertex 2103.5 50 250
      vertex 2103.5 50 200
    endloop
  endfacet
  facet normal -0.384241 0.923233 0
    outer loop
      vertex 2099.09 53.3807 200
      vertex 2098.25 53.0311 250
      vertex 2099.09 53.3807 250
    endloop
  endfacet
  facet normal -0.384241 0.923233 0
    outer loop
      vertex 2098.25 53.0311 250
      vertex 2099.09 53.3807 200
      vertex 2098.25 53.0311 200
    endloop
  endfacet
  facet normal 0.791364 0.611345 0
    outer loop
      vertex 2103.03 51.75 250
      vertex 2102.47 52.4749 200
      vertex 2102.47 52.4749 250
    endloop
  endfacet
  facet normal 0.791364 0.611345 0
    outer loop
      vertex 2102.47 52.4749 200
      vertex 2103.03 51.75 250
      vertex 2103.03 51.75 200
    endloop
  endfacet
  facet normal 0.991442 -0.130551 0
    outer loop
      vertex 53.3807 199.094 250
      vertex 53.5 200 200
      vertex 53.5 200 250
    endloop
  endfacet
  facet normal 0.991442 -0.130551 0
    outer loop
      vertex 53.5 200 200
      vertex 53.3807 199.094 250
      vertex 53.3807 199.094 200
    endloop
  endfacet
  facet normal 0.923878 -0.382687 0
    outer loop
      vertex 53.0311 198.25 250
      vertex 53.3807 199.094 200
      vertex 53.3807 199.094 250
    endloop
  endfacet
  facet normal 0.923878 -0.382687 0
    outer loop
      vertex 53.3807 199.094 200
      vertex 53.0311 198.25 250
      vertex 53.0311 198.25 200
    endloop
  endfacet
  facet normal -0.130242 -0.991482 0
    outer loop
      vertex 49.0941 196.619 200
      vertex 50 196.5 250
      vertex 49.0941 196.619 250
    endloop
  endfacet
  facet normal -0.130242 -0.991482 -0
    outer loop
      vertex 50 196.5 250
      vertex 49.0941 196.619 200
      vertex 50 196.5 200
    endloop
  endfacet
  facet normal 0.383022 0.923739 -0
    outer loop
      vertex 51.75 203.031 200
      vertex 50.9059 203.381 250
      vertex 51.75 203.031 250
    endloop
  endfacet
  facet normal 0.383022 0.923739 0
    outer loop
      vertex 50.9059 203.381 250
      vertex 51.75 203.031 200
      vertex 50.9059 203.381 200
    endloop
  endfacet
  facet normal 0.608599 -0.793478 0
    outer loop
      vertex 51.75 196.969 200
      vertex 52.4749 197.525 250
      vertex 51.75 196.969 250
    endloop
  endfacet
  facet normal 0.608599 -0.793478 0
    outer loop
      vertex 52.4749 197.525 250
      vertex 51.75 196.969 200
      vertex 52.4749 197.525 200
    endloop
  endfacet
  facet normal -0.793413 -0.608684 0
    outer loop
      vertex 47.5251 197.525 200
      vertex 46.9689 198.25 250
      vertex 46.9689 198.25 200
    endloop
  endfacet
  facet normal -0.793413 -0.608684 0
    outer loop
      vertex 46.9689 198.25 250
      vertex 47.5251 197.525 200
      vertex 47.5251 197.525 250
    endloop
  endfacet
  facet normal -0.608599 -0.793478 0
    outer loop
      vertex 47.5251 197.525 200
      vertex 48.25 196.969 250
      vertex 47.5251 197.525 250
    endloop
  endfacet
  facet normal -0.608599 -0.793478 -0
    outer loop
      vertex 48.25 196.969 250
      vertex 47.5251 197.525 200
      vertex 48.25 196.969 200
    endloop
  endfacet
  facet normal 0.608599 0.793478 -0
    outer loop
      vertex 52.4749 202.475 200
      vertex 51.75 203.031 250
      vertex 52.4749 202.475 250
    endloop
  endfacet
  facet normal 0.608599 0.793478 0
    outer loop
      vertex 51.75 203.031 250
      vertex 52.4749 202.475 200
      vertex 51.75 203.031 200
    endloop
  endfacet
  facet normal 0.793413 -0.608684 0
    outer loop
      vertex 52.4749 197.525 250
      vertex 53.0311 198.25 200
      vertex 53.0311 198.25 250
    endloop
  endfacet
  facet normal 0.793413 -0.608684 0
    outer loop
      vertex 53.0311 198.25 200
      vertex 52.4749 197.525 250
      vertex 52.4749 197.525 200
    endloop
  endfacet
  facet normal 0.383022 -0.923739 0
    outer loop
      vertex 50.9059 196.619 200
      vertex 51.75 196.969 250
      vertex 50.9059 196.619 250
    endloop
  endfacet
  facet normal 0.383022 -0.923739 0
    outer loop
      vertex 51.75 196.969 250
      vertex 50.9059 196.619 200
      vertex 51.75 196.969 200
    endloop
  endfacet
  facet normal -0.923878 -0.382687 0
    outer loop
      vertex 46.9689 198.25 200
      vertex 46.6193 199.094 250
      vertex 46.6193 199.094 200
    endloop
  endfacet
  facet normal -0.923878 -0.382687 0
    outer loop
      vertex 46.6193 199.094 250
      vertex 46.9689 198.25 200
      vertex 46.9689 198.25 250
    endloop
  endfacet
  facet normal -0.383022 -0.923739 0
    outer loop
      vertex 48.25 196.969 200
      vertex 49.0941 196.619 250
      vertex 48.25 196.969 250
    endloop
  endfacet
  facet normal -0.383022 -0.923739 -0
    outer loop
      vertex 49.0941 196.619 250
      vertex 48.25 196.969 200
      vertex 49.0941 196.619 200
    endloop
  endfacet
  facet normal -0.923878 0.382687 0
    outer loop
      vertex 46.6193 200.906 200
      vertex 46.9689 201.75 250
      vertex 46.9689 201.75 200
    endloop
  endfacet
  facet normal -0.923878 0.382687 0
    outer loop
      vertex 46.9689 201.75 250
      vertex 46.6193 200.906 200
      vertex 46.6193 200.906 250
    endloop
  endfacet
  facet normal 0.130242 0.991482 -0
    outer loop
      vertex 50.9059 203.381 200
      vertex 50 203.5 250
      vertex 50.9059 203.381 250
    endloop
  endfacet
  facet normal 0.130242 0.991482 0
    outer loop
      vertex 50 203.5 250
      vertex 50.9059 203.381 200
      vertex 50 203.5 200
    endloop
  endfacet
  facet normal 0.130242 -0.991482 0
    outer loop
      vertex 50 196.5 200
      vertex 50.9059 196.619 250
      vertex 50 196.5 250
    endloop
  endfacet
  facet normal 0.130242 -0.991482 0
    outer loop
      vertex 50.9059 196.619 250
      vertex 50 196.5 200
      vertex 50.9059 196.619 200
    endloop
  endfacet
  facet normal -0.991442 -0.130551 0
    outer loop
      vertex 46.6193 199.094 200
      vertex 46.5 200 250
      vertex 46.5 200 200
    endloop
  endfacet
  facet normal -0.991442 -0.130551 0
    outer loop
      vertex 46.5 200 250
      vertex 46.6193 199.094 200
      vertex 46.6193 199.094 250
    endloop
  endfacet
  facet normal -0.991442 0.130551 0
    outer loop
      vertex 46.5 200 200
      vertex 46.6193 200.906 250
      vertex 46.6193 200.906 200
    endloop
  endfacet
  facet normal -0.991442 0.130551 0
    outer loop
      vertex 46.6193 200.906 250
      vertex 46.5 200 200
      vertex 46.5 200 250
    endloop
  endfacet
  facet normal -0.608599 0.793478 0
    outer loop
      vertex 48.25 203.031 200
      vertex 47.5251 202.475 250
      vertex 48.25 203.031 250
    endloop
  endfacet
  facet normal -0.608599 0.793478 0
    outer loop
      vertex 47.5251 202.475 250
      vertex 48.25 203.031 200
      vertex 47.5251 202.475 200
    endloop
  endfacet
  facet normal -0.130242 0.991482 0
    outer loop
      vertex 50 203.5 200
      vertex 49.0941 203.381 250
      vertex 50 203.5 250
    endloop
  endfacet
  facet normal -0.130242 0.991482 0
    outer loop
      vertex 49.0941 203.381 250
      vertex 50 203.5 200
      vertex 49.0941 203.381 200
    endloop
  endfacet
  facet normal -0.793413 0.608684 0
    outer loop
      vertex 46.9689 201.75 200
      vertex 47.5251 202.475 250
      vertex 47.5251 202.475 200
    endloop
  endfacet
  facet normal -0.793413 0.608684 0
    outer loop
      vertex 47.5251 202.475 250
      vertex 46.9689 201.75 200
      vertex 46.9689 201.75 250
    endloop
  endfacet
  facet normal 0.923878 0.382687 0
    outer loop
      vertex 53.3807 200.906 250
      vertex 53.0311 201.75 200
      vertex 53.0311 201.75 250
    endloop
  endfacet
  facet normal 0.923878 0.382687 0
    outer loop
      vertex 53.0311 201.75 200
      vertex 53.3807 200.906 250
      vertex 53.3807 200.906 200
    endloop
  endfacet
  facet normal 0.991442 0.130551 0
    outer loop
      vertex 53.5 200 250
      vertex 53.3807 200.906 200
      vertex 53.3807 200.906 250
    endloop
  endfacet
  facet normal 0.991442 0.130551 0
    outer loop
      vertex 53.3807 200.906 200
      vertex 53.5 200 250
      vertex 53.5 200 200
    endloop
  endfacet
  facet normal -0.383022 0.923739 0
    outer loop
      vertex 49.0941 203.381 200
      vertex 48.25 203.031 250
      vertex 49.0941 203.381 250
    endloop
  endfacet
  facet normal -0.383022 0.923739 0
    outer loop
      vertex 48.25 203.031 250
      vertex 49.0941 203.381 200
      vertex 48.25 203.031 200
    endloop
  endfacet
  facet normal 0.793413 0.608684 0
    outer loop
      vertex 53.0311 201.75 250
      vertex 52.4749 202.475 200
      vertex 52.4749 202.475 250
    endloop
  endfacet
  facet normal 0.793413 0.608684 0
    outer loop
      vertex 52.4749 202.475 200
      vertex 53.0311 201.75 250
      vertex 53.0311 201.75 200
    endloop
  endfacet
  facet normal 0.991442 -0.130551 0
    outer loop
      vertex 53.3807 599.094 250
      vertex 53.5 600 200
      vertex 53.5 600 250
    endloop
  endfacet
  facet normal 0.991442 -0.130551 0
    outer loop
      vertex 53.5 600 200
      vertex 53.3807 599.094 250
      vertex 53.3807 599.094 200
    endloop
  endfacet
  facet normal 0.793413 -0.608684 0
    outer loop
      vertex 52.4749 597.525 250
      vertex 53.0311 598.25 200
      vertex 53.0311 598.25 250
    endloop
  endfacet
  facet normal 0.793413 -0.608684 0
    outer loop
      vertex 53.0311 598.25 200
      vertex 52.4749 597.525 250
      vertex 52.4749 597.525 200
    endloop
  endfacet
  facet normal -0.793413 0.608684 0
    outer loop
      vertex 46.9689 601.75 200
      vertex 47.5251 602.475 250
      vertex 47.5251 602.475 200
    endloop
  endfacet
  facet normal -0.793413 0.608684 0
    outer loop
      vertex 47.5251 602.475 250
      vertex 46.9689 601.75 200
      vertex 46.9689 601.75 250
    endloop
  endfacet
  facet normal 0.608599 -0.793478 0
    outer loop
      vertex 51.75 596.969 200
      vertex 52.4749 597.525 250
      vertex 51.75 596.969 250
    endloop
  endfacet
  facet normal 0.608599 -0.793478 0
    outer loop
      vertex 52.4749 597.525 250
      vertex 51.75 596.969 200
      vertex 52.4749 597.525 200
    endloop
  endfacet
  facet normal -0.130242 -0.991482 0
    outer loop
      vertex 49.0941 596.619 200
      vertex 50 596.5 250
      vertex 49.0941 596.619 250
    endloop
  endfacet
  facet normal -0.130242 -0.991482 -0
    outer loop
      vertex 50 596.5 250
      vertex 49.0941 596.619 200
      vertex 50 596.5 200
    endloop
  endfacet
  facet normal 0.383022 -0.923739 0
    outer loop
      vertex 50.9059 596.619 200
      vertex 51.75 596.969 250
      vertex 50.9059 596.619 250
    endloop
  endfacet
  facet normal 0.383022 -0.923739 0
    outer loop
      vertex 51.75 596.969 250
      vertex 50.9059 596.619 200
      vertex 51.75 596.969 200
    endloop
  endfacet
  facet normal -0.991442 0.130551 0
    outer loop
      vertex 46.5 600 200
      vertex 46.6193 600.906 250
      vertex 46.6193 600.906 200
    endloop
  endfacet
  facet normal -0.991442 0.130551 0
    outer loop
      vertex 46.6193 600.906 250
      vertex 46.5 600 200
      vertex 46.5 600 250
    endloop
  endfacet
  facet normal -0.923878 -0.382687 0
    outer loop
      vertex 46.9689 598.25 200
      vertex 46.6193 599.094 250
      vertex 46.6193 599.094 200
    endloop
  endfacet
  facet normal -0.923878 -0.382687 0
    outer loop
      vertex 46.6193 599.094 250
      vertex 46.9689 598.25 200
      vertex 46.9689 598.25 250
    endloop
  endfacet
  facet normal -0.793413 -0.608684 0
    outer loop
      vertex 47.5251 597.525 200
      vertex 46.9689 598.25 250
      vertex 46.9689 598.25 200
    endloop
  endfacet
  facet normal -0.793413 -0.608684 0
    outer loop
      vertex 46.9689 598.25 250
      vertex 47.5251 597.525 200
      vertex 47.5251 597.525 250
    endloop
  endfacet
  facet normal -0.608599 0.793478 0
    outer loop
      vertex 48.25 603.031 200
      vertex 47.5251 602.475 250
      vertex 48.25 603.031 250
    endloop
  endfacet
  facet normal -0.608599 0.793478 0
    outer loop
      vertex 47.5251 602.475 250
      vertex 48.25 603.031 200
      vertex 47.5251 602.475 200
    endloop
  endfacet
  facet normal -0.923878 0.382687 0
    outer loop
      vertex 46.6193 600.906 200
      vertex 46.9689 601.75 250
      vertex 46.9689 601.75 200
    endloop
  endfacet
  facet normal -0.923878 0.382687 0
    outer loop
      vertex 46.9689 601.75 250
      vertex 46.6193 600.906 200
      vertex 46.6193 600.906 250
    endloop
  endfacet
  facet normal 0.130242 0.991482 -0
    outer loop
      vertex 50.9059 603.381 200
      vertex 50 603.5 250
      vertex 50.9059 603.381 250
    endloop
  endfacet
  facet normal 0.130242 0.991482 0
    outer loop
      vertex 50 603.5 250
      vertex 50.9059 603.381 200
      vertex 50 603.5 200
    endloop
  endfacet
  facet normal 0.383022 0.923739 -0
    outer loop
      vertex 51.75 603.031 200
      vertex 50.9059 603.381 250
      vertex 51.75 603.031 250
    endloop
  endfacet
  facet normal 0.383022 0.923739 0
    outer loop
      vertex 50.9059 603.381 250
      vertex 51.75 603.031 200
      vertex 50.9059 603.381 200
    endloop
  endfacet
  facet normal 0.991442 0.130551 0
    outer loop
      vertex 53.5 600 250
      vertex 53.3807 600.906 200
      vertex 53.3807 600.906 250
    endloop
  endfacet
  facet normal 0.991442 0.130551 0
    outer loop
      vertex 53.3807 600.906 200
      vertex 53.5 600 250
      vertex 53.5 600 200
    endloop
  endfacet
  facet normal 0.923878 -0.382687 0
    outer loop
      vertex 53.0311 598.25 250
      vertex 53.3807 599.094 200
      vertex 53.3807 599.094 250
    endloop
  endfacet
  facet normal 0.923878 -0.382687 0
    outer loop
      vertex 53.3807 599.094 200
      vertex 53.0311 598.25 250
      vertex 53.0311 598.25 200
    endloop
  endfacet
  facet normal 0.130242 -0.991482 0
    outer loop
      vertex 50 596.5 200
      vertex 50.9059 596.619 250
      vertex 50 596.5 250
    endloop
  endfacet
  facet normal 0.130242 -0.991482 0
    outer loop
      vertex 50.9059 596.619 250
      vertex 50 596.5 200
      vertex 50.9059 596.619 200
    endloop
  endfacet
  facet normal -0.991442 -0.130551 0
    outer loop
      vertex 46.6193 599.094 200
      vertex 46.5 600 250
      vertex 46.5 600 200
    endloop
  endfacet
  facet normal -0.991442 -0.130551 0
    outer loop
      vertex 46.5 600 250
      vertex 46.6193 599.094 200
      vertex 46.6193 599.094 250
    endloop
  endfacet
  facet normal -0.383022 -0.923739 0
    outer loop
      vertex 48.25 596.969 200
      vertex 49.0941 596.619 250
      vertex 48.25 596.969 250
    endloop
  endfacet
  facet normal -0.383022 -0.923739 -0
    outer loop
      vertex 49.0941 596.619 250
      vertex 48.25 596.969 200
      vertex 49.0941 596.619 200
    endloop
  endfacet
  facet normal -0.608599 -0.793478 0
    outer loop
      vertex 47.5251 597.525 200
      vertex 48.25 596.969 250
      vertex 47.5251 597.525 250
    endloop
  endfacet
  facet normal -0.608599 -0.793478 -0
    outer loop
      vertex 48.25 596.969 250
      vertex 47.5251 597.525 200
      vertex 48.25 596.969 200
    endloop
  endfacet
  facet normal -0.130242 0.991482 0
    outer loop
      vertex 50 603.5 200
      vertex 49.0941 603.381 250
      vertex 50 603.5 250
    endloop
  endfacet
  facet normal -0.130242 0.991482 0
    outer loop
      vertex 49.0941 603.381 250
      vertex 50 603.5 200
      vertex 49.0941 603.381 200
    endloop
  endfacet
  facet normal 0.608599 0.793478 -0
    outer loop
      vertex 52.4749 602.475 200
      vertex 51.75 603.031 250
      vertex 52.4749 602.475 250
    endloop
  endfacet
  facet normal 0.608599 0.793478 0
    outer loop
      vertex 51.75 603.031 250
      vertex 52.4749 602.475 200
      vertex 51.75 603.031 200
    endloop
  endfacet
  facet normal 0.923878 0.382687 0
    outer loop
      vertex 53.3807 600.906 250
      vertex 53.0311 601.75 200
      vertex 53.0311 601.75 250
    endloop
  endfacet
  facet normal 0.923878 0.382687 0
    outer loop
      vertex 53.0311 601.75 200
      vertex 53.3807 600.906 250
      vertex 53.3807 600.906 200
    endloop
  endfacet
  facet normal -0.383022 0.923739 0
    outer loop
      vertex 49.0941 603.381 200
      vertex 48.25 603.031 250
      vertex 49.0941 603.381 250
    endloop
  endfacet
  facet normal -0.383022 0.923739 0
    outer loop
      vertex 48.25 603.031 250
      vertex 49.0941 603.381 200
      vertex 48.25 603.031 200
    endloop
  endfacet
  facet normal 0.793413 0.608684 0
    outer loop
      vertex 53.0311 601.75 250
      vertex 52.4749 602.475 200
      vertex 52.4749 602.475 250
    endloop
  endfacet
  facet normal 0.793413 0.608684 0
    outer loop
      vertex 52.4749 602.475 200
      vertex 53.0311 601.75 250
      vertex 53.0311 601.75 200
    endloop
  endfacet
  facet normal 0.991442 -0.130551 0
    outer loop
      vertex 53.3807 999.094 250
      vertex 53.5 1000 200
      vertex 53.5 1000 250
    endloop
  endfacet
  facet normal 0.991442 -0.130551 0
    outer loop
      vertex 53.5 1000 200
      vertex 53.3807 999.094 250
      vertex 53.3807 999.094 200
    endloop
  endfacet
  facet normal 0.793413 -0.608684 0
    outer loop
      vertex 52.4749 997.525 250
      vertex 53.0311 998.25 200
      vertex 53.0311 998.25 250
    endloop
  endfacet
  facet normal 0.793413 -0.608684 0
    outer loop
      vertex 53.0311 998.25 200
      vertex 52.4749 997.525 250
      vertex 52.4749 997.525 200
    endloop
  endfacet
  facet normal 0.608599 -0.793478 0
    outer loop
      vertex 51.75 996.969 200
      vertex 52.4749 997.525 250
      vertex 51.75 996.969 250
    endloop
  endfacet
  facet normal 0.608599 -0.793478 0
    outer loop
      vertex 52.4749 997.525 250
      vertex 51.75 996.969 200
      vertex 52.4749 997.525 200
    endloop
  endfacet
  facet normal -0.130242 -0.991482 0
    outer loop
      vertex 49.0941 996.619 200
      vertex 50 996.5 250
      vertex 49.0941 996.619 250
    endloop
  endfacet
  facet normal -0.130242 -0.991482 -0
    outer loop
      vertex 50 996.5 250
      vertex 49.0941 996.619 200
      vertex 50 996.5 200
    endloop
  endfacet
  facet normal 0.383022 -0.923739 0
    outer loop
      vertex 50.9059 996.619 200
      vertex 51.75 996.969 250
      vertex 50.9059 996.619 250
    endloop
  endfacet
  facet normal 0.383022 -0.923739 0
    outer loop
      vertex 51.75 996.969 250
      vertex 50.9059 996.619 200
      vertex 51.75 996.969 200
    endloop
  endfacet
  facet normal -0.991516 0.129987 0
    outer loop
      vertex 46.5 1000 200
      vertex 46.6193 1000.91 250
      vertex 46.6193 1000.91 200
    endloop
  endfacet
  facet normal -0.991516 0.129987 0
    outer loop
      vertex 46.6193 1000.91 250
      vertex 46.5 1000 200
      vertex 46.5 1000 250
    endloop
  endfacet
  facet normal -0.923878 -0.382687 0
    outer loop
      vertex 46.9689 998.25 200
      vertex 46.6193 999.094 250
      vertex 46.6193 999.094 200
    endloop
  endfacet
  facet normal -0.923878 -0.382687 0
    outer loop
      vertex 46.6193 999.094 250
      vertex 46.9689 998.25 200
      vertex 46.9689 998.25 250
    endloop
  endfacet
  facet normal -0.793413 -0.608684 0
    outer loop
      vertex 47.5251 997.525 200
      vertex 46.9689 998.25 250
      vertex 46.9689 998.25 200
    endloop
  endfacet
  facet normal -0.793413 -0.608684 0
    outer loop
      vertex 46.9689 998.25 250
      vertex 47.5251 997.525 200
      vertex 47.5251 997.525 250
    endloop
  endfacet
  facet normal 0.923233 0.384241 0
    outer loop
      vertex 53.3807 1000.91 250
      vertex 53.0311 1001.75 200
      vertex 53.0311 1001.75 250
    endloop
  endfacet
  facet normal 0.923233 0.384241 0
    outer loop
      vertex 53.0311 1001.75 200
      vertex 53.3807 1000.91 250
      vertex 53.3807 1000.91 200
    endloop
  endfacet
  facet normal -0.611345 0.791364 0
    outer loop
      vertex 48.25 1003.03 200
      vertex 47.5251 1002.47 250
      vertex 48.25 1003.03 250
    endloop
  endfacet
  facet normal -0.611345 0.791364 0
    outer loop
      vertex 47.5251 1002.47 250
      vertex 48.25 1003.03 200
      vertex 47.5251 1002.47 200
    endloop
  endfacet
  facet normal -0.923233 0.384241 0
    outer loop
      vertex 46.6193 1000.91 200
      vertex 46.9689 1001.75 250
      vertex 46.9689 1001.75 200
    endloop
  endfacet
  facet normal -0.923233 0.384241 0
    outer loop
      vertex 46.9689 1001.75 250
      vertex 46.6193 1000.91 200
      vertex 46.6193 1000.91 250
    endloop
  endfacet
  facet normal 0.131318 0.99134 -0
    outer loop
      vertex 50.9059 1003.38 200
      vertex 50 1003.5 250
      vertex 50.9059 1003.38 250
    endloop
  endfacet
  facet normal 0.131318 0.99134 0
    outer loop
      vertex 50 1003.5 250
      vertex 50.9059 1003.38 200
      vertex 50 1003.5 200
    endloop
  endfacet
  facet normal 0.383022 0.923739 -0
    outer loop
      vertex 51.75 1003.03 200
      vertex 50.9059 1003.38 250
      vertex 51.75 1003.03 250
    endloop
  endfacet
  facet normal 0.383022 0.923739 0
    outer loop
      vertex 50.9059 1003.38 250
      vertex 51.75 1003.03 200
      vertex 50.9059 1003.38 200
    endloop
  endfacet
  facet normal 0.991516 0.129987 0
    outer loop
      vertex 53.5 1000 250
      vertex 53.3807 1000.91 200
      vertex 53.3807 1000.91 250
    endloop
  endfacet
  facet normal 0.991516 0.129987 0
    outer loop
      vertex 53.3807 1000.91 200
      vertex 53.5 1000 250
      vertex 53.5 1000 200
    endloop
  endfacet
  facet normal 0.923878 -0.382687 0
    outer loop
      vertex 53.0311 998.25 250
      vertex 53.3807 999.094 200
      vertex 53.3807 999.094 250
    endloop
  endfacet
  facet normal 0.923878 -0.382687 0
    outer loop
      vertex 53.3807 999.094 200
      vertex 53.0311 998.25 250
      vertex 53.0311 998.25 200
    endloop
  endfacet
  facet normal 0.130242 -0.991482 0
    outer loop
      vertex 50 996.5 200
      vertex 50.9059 996.619 250
      vertex 50 996.5 250
    endloop
  endfacet
  facet normal 0.130242 -0.991482 0
    outer loop
      vertex 50.9059 996.619 250
      vertex 50 996.5 200
      vertex 50.9059 996.619 200
    endloop
  endfacet
  facet normal -0.991442 -0.130551 0
    outer loop
      vertex 46.6193 999.094 200
      vertex 46.5 1000 250
      vertex 46.5 1000 200
    endloop
  endfacet
  facet normal -0.991442 -0.130551 0
    outer loop
      vertex 46.5 1000 250
      vertex 46.6193 999.094 200
      vertex 46.6193 999.094 250
    endloop
  endfacet
  facet normal -0.383022 -0.923739 0
    outer loop
      vertex 48.25 996.969 200
      vertex 49.0941 996.619 250
      vertex 48.25 996.969 250
    endloop
  endfacet
  facet normal -0.383022 -0.923739 -0
    outer loop
      vertex 49.0941 996.619 250
      vertex 48.25 996.969 200
      vertex 49.0941 996.619 200
    endloop
  endfacet
  facet normal -0.608599 -0.793478 0
    outer loop
      vertex 47.5251 997.525 200
      vertex 48.25 996.969 250
      vertex 47.5251 997.525 250
    endloop
  endfacet
  facet normal -0.608599 -0.793478 -0
    outer loop
      vertex 48.25 996.969 250
      vertex 47.5251 997.525 200
      vertex 48.25 996.969 200
    endloop
  endfacet
  facet normal -0.131318 0.99134 0
    outer loop
      vertex 50 1003.5 200
      vertex 49.0941 1003.38 250
      vertex 50 1003.5 250
    endloop
  endfacet
  facet normal -0.131318 0.99134 0
    outer loop
      vertex 49.0941 1003.38 250
      vertex 50 1003.5 200
      vertex 49.0941 1003.38 200
    endloop
  endfacet
  facet normal 0.611345 0.791364 -0
    outer loop
      vertex 52.4749 1002.47 200
      vertex 51.75 1003.03 250
      vertex 52.4749 1002.47 250
    endloop
  endfacet
  facet normal 0.611345 0.791364 0
    outer loop
      vertex 51.75 1003.03 250
      vertex 52.4749 1002.47 200
      vertex 51.75 1003.03 200
    endloop
  endfacet
  facet normal -0.791372 0.611335 0
    outer loop
      vertex 46.9689 1001.75 200
      vertex 47.5251 1002.47 250
      vertex 47.5251 1002.47 200
    endloop
  endfacet
  facet normal -0.791372 0.611335 0
    outer loop
      vertex 47.5251 1002.47 250
      vertex 46.9689 1001.75 200
      vertex 46.9689 1001.75 250
    endloop
  endfacet
  facet normal -0.383022 0.923739 0
    outer loop
      vertex 49.0941 1003.38 200
      vertex 48.25 1003.03 250
      vertex 49.0941 1003.38 250
    endloop
  endfacet
  facet normal -0.383022 0.923739 0
    outer loop
      vertex 48.25 1003.03 250
      vertex 49.0941 1003.38 200
      vertex 48.25 1003.03 200
    endloop
  endfacet
  facet normal 0.791372 0.611335 0
    outer loop
      vertex 53.0311 1001.75 250
      vertex 52.4749 1002.47 200
      vertex 52.4749 1002.47 250
    endloop
  endfacet
  facet normal 0.791372 0.611335 0
    outer loop
      vertex 52.4749 1002.47 200
      vertex 53.0311 1001.75 250
      vertex 53.0311 1001.75 200
    endloop
  endfacet
endsolid OpenSCAD_Model
